phase	detail	resources	seconds	rate_per_s
load	MimicOrganization.ndjson	1	1.21	1
file	MimicOrganization.ndjson	1	1.29	1
load	MimicLocation.ndjson	31	0.09	356
file	MimicLocation.ndjson	31	0.10	316
load	MimicPatient.ndjson	100	0.28	353
file	MimicPatient.ndjson	100	0.33	301
load	MimicEncounterICU.ndjson	140	0.20	711
file	MimicEncounterICU.ndjson	140	0.23	611
load	MimicMedicationMix.ndjson	314	0.27	1176
file	MimicMedicationMix.ndjson	314	0.35	897
load	MimicEncounterED.ndjson	222	0.20	1138
file	MimicEncounterED.ndjson	222	0.21	1033
load	MimicObservationMicroOrg.ndjson	338	0.40	851
file	MimicObservationMicroOrg.ndjson	338	0.42	805
load	MimicConditionED.ndjson	500	0.27	1838
load	MimicConditionED.ndjson	45	0.05	938
file	MimicConditionED.ndjson	545	0.34	1584
load	MimicProcedure.ndjson	500	0.25	2033
load	MimicProcedure.ndjson	222	0.12	1914
file	MimicProcedure.ndjson	722	0.39	1837
load	MimicEncounter.ndjson	275	0.34	802
file	MimicEncounter.ndjson	275	0.38	726
load	MimicMedicationDispenseED.ndjson	500	0.27	1880
load	MimicMedicationDispenseED.ndjson	500	0.20	2513
load	MimicMedicationDispenseED.ndjson	82	0.06	1302
file	MimicMedicationDispenseED.ndjson	1082	0.57	1895
load	MimicProcedureED.ndjson	500	0.23	2165
load	MimicProcedureED.ndjson	500	0.21	2392
load	MimicProcedureED.ndjson	260	0.10	2574
file	MimicProcedureED.ndjson	1260	0.59	2118
load	MimicSpecimen.ndjson	500	0.33	1524
load	MimicSpecimen.ndjson	500	0.63	800
load	MimicSpecimen.ndjson	336	0.13	2565
file	MimicSpecimen.ndjson	1336	1.35	992
load	MimicMedication.ndjson	500	0.17	2924
load	MimicMedication.ndjson	500	0.17	2924
load	MimicMedication.ndjson	480	0.15	3265
file	MimicMedication.ndjson	1480	0.52	2868
load	MimicProcedureICU.ndjson	500	0.34	1479
load	MimicProcedureICU.ndjson	500	0.23	2203
load	MimicProcedureICU.ndjson	468	0.22	2118
file	MimicProcedureICU.ndjson	1468	0.88	1668
load	MimicObservationMicroSusc.ndjson	500	0.48	1050
load	MimicObservationMicroSusc.ndjson	500	0.40	1263
load	MimicObservationMicroSusc.ndjson	36	0.08	450
file	MimicObservationMicroSusc.ndjson	1036	1.05	987
load	MimicObservationMicroTest.ndjson	500	0.37	1362
load	MimicObservationMicroTest.ndjson	500	0.33	1502
load	MimicObservationMicroTest.ndjson	500	0.31	1603
load	MimicObservationMicroTest.ndjson	393	0.27	1477
file	MimicObservationMicroTest.ndjson	1893	1.36	1395
load	MimicMedicationStatementED.ndjson	500	0.28	1805
load	MimicMedicationStatementED.ndjson	500	0.19	2604
load	MimicMedicationStatementED.ndjson	500	0.20	2551
load	MimicMedicationStatementED.ndjson	500	0.19	2591
load	MimicMedicationStatementED.ndjson	411	0.19	2152
file	MimicMedicationStatementED.ndjson	2411	1.14	2119
load	MimicObservationED.ndjson	500	0.38	1330
load	MimicObservationED.ndjson	500	0.35	1412
load	MimicObservationED.ndjson	500	0.33	1534
load	MimicObservationED.ndjson	500	0.36	1377
load	MimicObservationED.ndjson	500	0.39	1269
load	MimicObservationED.ndjson	242	0.19	1254
file	MimicObservationED.ndjson	2742	2.10	1303
load	MimicCondition.ndjson	500	0.22	2304
load	MimicCondition.ndjson	500	0.17	2976
load	MimicCondition.ndjson	500	0.17	2976
load	MimicCondition.ndjson	500	0.18	2793
load	MimicCondition.ndjson	500	0.17	2890
load	MimicCondition.ndjson	500	0.18	2825
load	MimicCondition.ndjson	500	0.18	2809
load	MimicCondition.ndjson	500	0.23	2193
load	MimicCondition.ndjson	500	0.23	2137
load	MimicCondition.ndjson	6	0.04	162
file	MimicCondition.ndjson	4506	1.88	2394
load	MimicObservationVitalSignsED.ndjson	500	0.56	891
load	MimicObservationVitalSignsED.ndjson	500	0.46	1094
load	MimicObservationVitalSignsED.ndjson	500	0.46	1085
load	MimicObservationVitalSignsED.ndjson	500	0.53	947
load	MimicObservationVitalSignsED.ndjson	500	0.41	1205
load	MimicObservationVitalSignsED.ndjson	500	0.46	1096
load	MimicObservationVitalSignsED.ndjson	500	0.41	1208
load	MimicObservationVitalSignsED.ndjson	500	0.46	1082
load	MimicObservationVitalSignsED.ndjson	500	0.48	1033
load	MimicObservationVitalSignsED.ndjson	500	0.45	1109
load	MimicObservationVitalSignsED.ndjson	500	0.48	1037
load	MimicObservationVitalSignsED.ndjson	500	0.55	903
load	MimicObservationVitalSignsED.ndjson	300	0.29	1017
file	MimicObservationVitalSignsED.ndjson	6300	6.28	1004
load	MimicSpecimenLab.ndjson	500	0.19	2577
load	MimicSpecimenLab.ndjson	500	0.18	2762
load	MimicSpecimenLab.ndjson	500	0.16	3185
load	MimicSpecimenLab.ndjson	500	0.16	3086
load	MimicSpecimenLab.ndjson	500	0.16	3067
load	MimicSpecimenLab.ndjson	500	0.19	2618
load	MimicSpecimenLab.ndjson	500	0.21	2358
load	MimicSpecimenLab.ndjson	500	0.22	2242
load	MimicSpecimenLab.ndjson	500	0.19	2591
load	MimicSpecimenLab.ndjson	500	0.20	2564
load	MimicSpecimenLab.ndjson	500	0.19	2674
load	MimicSpecimenLab.ndjson	500	0.20	2551
load	MimicSpecimenLab.ndjson	500	0.20	2500
load	MimicSpecimenLab.ndjson	500	0.20	2513
load	MimicSpecimenLab.ndjson	500	0.21	2392
load	MimicSpecimenLab.ndjson	500	0.24	2092
load	MimicSpecimenLab.ndjson	500	0.29	1730
load	MimicSpecimenLab.ndjson	500	0.25	2033
load	MimicSpecimenLab.ndjson	500	0.22	2232
load	MimicSpecimenLab.ndjson	500	0.23	2146
load	MimicSpecimenLab.ndjson	500	0.23	2174
load	MimicSpecimenLab.ndjson	500	0.25	2016
load	MimicSpecimenLab.ndjson	122	0.10	1245
file	MimicSpecimenLab.ndjson	11122	4.94	2252
load	MimicObservationOutputevents.ndjson	500	0.46	1080
load	MimicObservationOutputevents.ndjson	500	0.40	1244
load	MimicObservationOutputevents.ndjson	500	0.45	1101
load	MimicObservationOutputevents.ndjson	500	0.43	1166
load	MimicObservationOutputevents.ndjson	500	0.48	1037
load	MimicObservationOutputevents.ndjson	500	0.45	1101
load	MimicObservationOutputevents.ndjson	500	0.44	1136
load	MimicObservationOutputevents.ndjson	500	0.41	1208
load	MimicObservationOutputevents.ndjson	500	0.50	1004
load	MimicObservationOutputevents.ndjson	500	0.47	1066
load	MimicObservationOutputevents.ndjson	500	0.46	1085
load	MimicObservationOutputevents.ndjson	500	0.45	1121
load	MimicObservationOutputevents.ndjson	500	0.47	1064
load	MimicObservationOutputevents.ndjson	500	0.51	980
load	MimicObservationOutputevents.ndjson	500	0.47	1064
load	MimicObservationOutputevents.ndjson	500	0.43	1160
load	MimicObservationOutputevents.ndjson	500	0.51	977
load	MimicObservationOutputevents.ndjson	500	0.69	729
load	MimicObservationOutputevents.ndjson	362	0.55	663
file	MimicObservationOutputevents.ndjson	9362	9.46	990
load	MimicObservationDatetimeevents.ndjson	500	0.65	772
load	MimicObservationDatetimeevents.ndjson	500	0.66	755
load	MimicObservationDatetimeevents.ndjson	500	0.66	758
load	MimicObservationDatetimeevents.ndjson	500	0.63	790
load	MimicObservationDatetimeevents.ndjson	500	0.65	775
load	MimicObservationDatetimeevents.ndjson	500	0.64	779
load	MimicObservationDatetimeevents.ndjson	500	0.66	759
load	MimicObservationDatetimeevents.ndjson	500	0.66	753
load	MimicObservationDatetimeevents.ndjson	500	0.63	796
load	MimicObservationDatetimeevents.ndjson	500	0.65	773
load	MimicObservationDatetimeevents.ndjson	500	0.65	767
load	MimicObservationDatetimeevents.ndjson	500	0.66	753
load	MimicObservationDatetimeevents.ndjson	500	0.66	763
load	MimicObservationDatetimeevents.ndjson	500	0.68	737
load	MimicObservationDatetimeevents.ndjson	500	0.64	784
load	MimicObservationDatetimeevents.ndjson	500	0.69	729
load	MimicObservationDatetimeevents.ndjson	500	0.64	784
load	MimicObservationDatetimeevents.ndjson	500	0.67	745
load	MimicObservationDatetimeevents.ndjson	500	0.64	778
load	MimicObservationDatetimeevents.ndjson	500	0.69	725
load	MimicObservationDatetimeevents.ndjson	500	0.70	717
load	MimicObservationDatetimeevents.ndjson	500	0.67	745
load	MimicObservationDatetimeevents.ndjson	500	0.67	743
load	MimicObservationDatetimeevents.ndjson	500	0.71	707
load	MimicObservationDatetimeevents.ndjson	500	0.65	767
load	MimicObservationDatetimeevents.ndjson	500	0.67	752
load	MimicObservationDatetimeevents.ndjson	500	0.70	714
load	MimicObservationDatetimeevents.ndjson	500	0.69	727
load	MimicObservationDatetimeevents.ndjson	500	0.66	761
load	MimicObservationDatetimeevents.ndjson	500	0.69	722
load	MimicObservationDatetimeevents.ndjson	280	0.40	695
file	MimicObservationDatetimeevents.ndjson	15280	21.45	712
load	MimicMedicationDispense.ndjson	500	0.56	896
load	MimicMedicationDispense.ndjson	500	0.43	1174
load	MimicMedicationDispense.ndjson	500	0.34	1475
load	MimicMedicationDispense.ndjson	500	0.26	1923
load	MimicMedicationDispense.ndjson	500	0.29	1730
load	MimicMedicationDispense.ndjson	500	0.31	1597
load	MimicMedicationDispense.ndjson	500	0.44	1134
load	MimicMedicationDispense.ndjson	500	0.44	1142
load	MimicMedicationDispense.ndjson	500	0.46	1092
load	MimicMedicationDispense.ndjson	500	0.43	1171
load	MimicMedicationDispense.ndjson	500	0.43	1163
load	MimicMedicationDispense.ndjson	500	0.57	873
load	MimicMedicationDispense.ndjson	500	0.47	1064
load	MimicMedicationDispense.ndjson	500	0.46	1089
load	MimicMedicationDispense.ndjson	500	0.47	1053
load	MimicMedicationDispense.ndjson	500	0.48	1050
load	MimicMedicationDispense.ndjson	500	0.45	1101
load	MimicMedicationDispense.ndjson	500	0.51	973
load	MimicMedicationDispense.ndjson	500	0.48	1048
load	MimicMedicationDispense.ndjson	500	0.52	960
load	MimicMedicationDispense.ndjson	500	0.47	1066
load	MimicMedicationDispense.ndjson	500	0.52	971
load	MimicMedicationDispense.ndjson	500	0.47	1068
load	MimicMedicationDispense.ndjson	500	0.48	1037
load	MimicMedicationDispense.ndjson	500	0.48	1044
load	MimicMedicationDispense.ndjson	500	0.46	1080
load	MimicMedicationDispense.ndjson	500	0.51	986
load	MimicMedicationDispense.ndjson	500	0.48	1033
load	MimicMedicationDispense.ndjson	293	0.33	891
file	MimicMedicationDispense.ndjson	14293	14.06	1016
load	MimicMedicationRequest.ndjson	500	0.51	984
load	MimicMedicationRequest.ndjson	500	0.47	1066
load	MimicMedicationRequest.ndjson	500	0.42	1179
load	MimicMedicationRequest.ndjson	500	0.43	1157
load	MimicMedicationRequest.ndjson	500	0.39	1272
load	MimicMedicationRequest.ndjson	500	0.45	1124
load	MimicMedicationRequest.ndjson	500	0.29	1695
load	MimicMedicationRequest.ndjson	500	0.30	1639
load	MimicMedicationRequest.ndjson	500	0.28	1779
load	MimicMedicationRequest.ndjson	500	0.42	1179
load	MimicMedicationRequest.ndjson	500	0.45	1121
load	MimicMedicationRequest.ndjson	500	0.45	1124
load	MimicMedicationRequest.ndjson	500	0.48	1050
load	MimicMedicationRequest.ndjson	500	0.45	1116
load	MimicMedicationRequest.ndjson	500	0.48	1042
load	MimicMedicationRequest.ndjson	500	0.46	1099
load	MimicMedicationRequest.ndjson	500	0.47	1055
load	MimicMedicationRequest.ndjson	500	0.48	1044
load	MimicMedicationRequest.ndjson	500	0.50	1008
load	MimicMedicationRequest.ndjson	500	0.51	977
load	MimicMedicationRequest.ndjson	500	0.48	1031
load	MimicMedicationRequest.ndjson	500	0.50	1000
load	MimicMedicationRequest.ndjson	500	0.48	1033
load	MimicMedicationRequest.ndjson	500	0.53	951
load	MimicMedicationRequest.ndjson	500	0.51	980
load	MimicMedicationRequest.ndjson	500	0.52	969
load	MimicMedicationRequest.ndjson	500	0.45	1111
load	MimicMedicationRequest.ndjson	500	0.36	1377
load	MimicMedicationRequest.ndjson	500	0.36	1389
load	MimicMedicationRequest.ndjson	500	0.51	978
load	MimicMedicationRequest.ndjson	500	0.56	885
load	MimicMedicationRequest.ndjson	500	0.52	969
load	MimicMedicationRequest.ndjson	500	0.54	923
load	MimicMedicationRequest.ndjson	500	0.51	977
load	MimicMedicationRequest.ndjson	500	0.51	982
load	MimicMedicationRequest.ndjson	52	0.09	553
file	MimicMedicationRequest.ndjson	17552	17.63	996
load	MimicMedicationAdministrationICU.ndjson	500	0.49	1012
load	MimicMedicationAdministrationICU.ndjson	500	0.35	1445
load	MimicMedicationAdministrationICU.ndjson	500	0.24	2119
load	MimicMedicationAdministrationICU.ndjson	500	0.20	2500
load	MimicMedicationAdministrationICU.ndjson	500	0.22	2315
load	MimicMedicationAdministrationICU.ndjson	500	0.25	2016
load	MimicMedicationAdministrationICU.ndjson	500	0.36	1389
load	MimicMedicationAdministrationICU.ndjson	500	0.35	1425
load	MimicMedicationAdministrationICU.ndjson	500	0.38	1333
load	MimicMedicationAdministrationICU.ndjson	500	0.36	1389
load	MimicMedicationAdministrationICU.ndjson	500	0.41	1225
load	MimicMedicationAdministrationICU.ndjson	500	0.41	1208
load	MimicMedicationAdministrationICU.ndjson	500	0.39	1282
load	MimicMedicationAdministrationICU.ndjson	500	0.40	1259
load	MimicMedicationAdministrationICU.ndjson	500	0.40	1253
load	MimicMedicationAdministrationICU.ndjson	500	0.43	1155
load	MimicMedicationAdministrationICU.ndjson	500	0.42	1196
load	MimicMedicationAdministrationICU.ndjson	500	0.31	1623
load	MimicMedicationAdministrationICU.ndjson	500	0.28	1812
load	MimicMedicationAdministrationICU.ndjson	500	0.30	1667
load	MimicMedicationAdministrationICU.ndjson	500	0.49	1025
load	MimicMedicationAdministrationICU.ndjson	500	0.43	1149
load	MimicMedicationAdministrationICU.ndjson	500	0.41	1205
load	MimicMedicationAdministrationICU.ndjson	500	0.30	1645
load	MimicMedicationAdministrationICU.ndjson	500	0.29	1736
load	MimicMedicationAdministrationICU.ndjson	500	0.37	1355
load	MimicMedicationAdministrationICU.ndjson	500	0.47	1066
load	MimicMedicationAdministrationICU.ndjson	500	0.46	1092
load	MimicMedicationAdministrationICU.ndjson	500	0.45	1104
load	MimicMedicationAdministrationICU.ndjson	500	0.46	1096
load	MimicMedicationAdministrationICU.ndjson	500	0.49	1014
load	MimicMedicationAdministrationICU.ndjson	500	0.47	1064
load	MimicMedicationAdministrationICU.ndjson	500	0.49	1014
load	MimicMedicationAdministrationICU.ndjson	500	0.47	1075
load	MimicMedicationAdministrationICU.ndjson	500	0.47	1055
load	MimicMedicationAdministrationICU.ndjson	500	0.47	1064
load	MimicMedicationAdministrationICU.ndjson	500	0.47	1073
load	MimicMedicationAdministrationICU.ndjson	500	0.49	1012
load	MimicMedicationAdministrationICU.ndjson	500	0.46	1099
load	MimicMedicationAdministrationICU.ndjson	500	0.54	935
load	MimicMedicationAdministrationICU.ndjson	404	0.40	1020
file	MimicMedicationAdministrationICU.ndjson	20404	18.09	1128
load	MimicMedicationAdministration.ndjson	500	0.60	839
load	MimicMedicationAdministration.ndjson	500	0.54	926
load	MimicMedicationAdministration.ndjson	500	0.49	1016
load	MimicMedicationAdministration.ndjson	500	0.52	969
load	MimicMedicationAdministration.ndjson	500	0.53	938
load	MimicMedicationAdministration.ndjson	500	0.57	873
load	MimicMedicationAdministration.ndjson	500	0.51	990
load	MimicMedicationAdministration.ndjson	500	0.53	952
load	MimicMedicationAdministration.ndjson	500	0.52	971
load	MimicMedicationAdministration.ndjson	500	0.49	1014
load	MimicMedicationAdministration.ndjson	500	0.53	947
load	MimicMedicationAdministration.ndjson	500	0.51	984
load	MimicMedicationAdministration.ndjson	500	0.56	894
load	MimicMedicationAdministration.ndjson	500	0.54	931
load	MimicMedicationAdministration.ndjson	500	0.55	904
load	MimicMedicationAdministration.ndjson	500	0.53	947
load	MimicMedicationAdministration.ndjson	500	0.55	912
load	MimicMedicationAdministration.ndjson	500	0.52	965
load	MimicMedicationAdministration.ndjson	500	0.53	949
load	MimicMedicationAdministration.ndjson	500	0.55	907
load	MimicMedicationAdministration.ndjson	500	0.53	940
load	MimicMedicationAdministration.ndjson	500	0.48	1050
load	MimicMedicationAdministration.ndjson	500	0.39	1285
load	MimicMedicationAdministration.ndjson	500	0.44	1144
load	MimicMedicationAdministration.ndjson	500	0.53	940
load	MimicMedicationAdministration.ndjson	500	0.57	883
load	MimicMedicationAdministration.ndjson	500	0.54	919
load	MimicMedicationAdministration.ndjson	500	0.57	880
load	MimicMedicationAdministration.ndjson	500	0.54	923
load	MimicMedicationAdministration.ndjson	500	0.54	921
load	MimicMedicationAdministration.ndjson	500	0.54	928
load	MimicMedicationAdministration.ndjson	500	0.53	949
load	MimicMedicationAdministration.ndjson	500	0.57	874
load	MimicMedicationAdministration.ndjson	500	0.57	873
load	MimicMedicationAdministration.ndjson	500	0.43	1171
load	MimicMedicationAdministration.ndjson	500	0.39	1282
load	MimicMedicationAdministration.ndjson	500	0.47	1075
load	MimicMedicationAdministration.ndjson	500	0.60	836
load	MimicMedicationAdministration.ndjson	500	0.54	929
load	MimicMedicationAdministration.ndjson	500	0.42	1193
load	MimicMedicationAdministration.ndjson	500	0.39	1289
load	MimicMedicationAdministration.ndjson	500	0.54	923
load	MimicMedicationAdministration.ndjson	500	0.61	814
load	MimicMedicationAdministration.ndjson	500	0.56	891
load	MimicMedicationAdministration.ndjson	500	0.60	829
load	MimicMedicationAdministration.ndjson	500	0.55	904
load	MimicMedicationAdministration.ndjson	500	0.63	791
load	MimicMedicationAdministration.ndjson	500	0.57	874
load	MimicMedicationAdministration.ndjson	500	0.58	864
load	MimicMedicationAdministration.ndjson	500	0.57	871
load	MimicMedicationAdministration.ndjson	500	0.58	868
load	MimicMedicationAdministration.ndjson	500	0.62	803
load	MimicMedicationAdministration.ndjson	500	0.60	839
load	MimicMedicationAdministration.ndjson	500	0.60	836
load	MimicMedicationAdministration.ndjson	500	0.58	858
load	MimicMedicationAdministration.ndjson	500	0.59	840
load	MimicMedicationAdministration.ndjson	500	0.58	859
load	MimicMedicationAdministration.ndjson	500	0.58	855
load	MimicMedicationAdministration.ndjson	500	0.58	855
load	MimicMedicationAdministration.ndjson	500	0.57	879
load	MimicMedicationAdministration.ndjson	500	0.61	822
load	MimicMedicationAdministration.ndjson	500	0.59	850
load	MimicMedicationAdministration.ndjson	500	0.61	824
load	MimicMedicationAdministration.ndjson	500	0.55	903
load	MimicMedicationAdministration.ndjson	500	0.63	800
load	MimicMedicationAdministration.ndjson	500	0.55	906
load	MimicMedicationAdministration.ndjson	500	0.57	883
load	MimicMedicationAdministration.ndjson	500	0.57	873
load	MimicMedicationAdministration.ndjson	500	0.56	894
load	MimicMedicationAdministration.ndjson	500	0.63	792
load	MimicMedicationAdministration.ndjson	500	0.56	901
load	MimicMedicationAdministration.ndjson	500	0.61	817
load	MimicMedicationAdministration.ndjson	131	0.21	612
file	MimicMedicationAdministration.ndjson	36131	42.00	860
load	MimicObservationLabevents.ndjson	500	0.95	525
load	MimicObservationLabevents.ndjson	500	0.91	552
load	MimicObservationLabevents.ndjson	500	0.84	592
load	MimicObservationLabevents.ndjson	500	0.87	572
load	MimicObservationLabevents.ndjson	500	0.53	949
load	MimicObservationLabevents.ndjson	500	0.55	911
load	MimicObservationLabevents.ndjson	500	0.61	814
load	MimicObservationLabevents.ndjson	500	0.69	719
load	MimicObservationLabevents.ndjson	500	0.55	917
load	MimicObservationLabevents.ndjson	500	0.57	882
load	MimicObservationLabevents.ndjson	500	0.67	744
load	MimicObservationLabevents.ndjson	500	0.55	907
load	MimicObservationLabevents.ndjson	500	0.56	894
load	MimicObservationLabevents.ndjson	500	0.62	809
load	MimicObservationLabevents.ndjson	500	0.57	871
load	MimicObservationLabevents.ndjson	500	0.58	862
load	MimicObservationLabevents.ndjson	500	0.54	929
load	MimicObservationLabevents.ndjson	500	0.56	898
load	MimicObservationLabevents.ndjson	500	0.57	874
load	MimicObservationLabevents.ndjson	500	0.62	809
load	MimicObservationLabevents.ndjson	500	0.58	861
load	MimicObservationLabevents.ndjson	500	0.60	832
load	MimicObservationLabevents.ndjson	500	0.63	799
load	MimicObservationLabevents.ndjson	500	0.58	867
load	MimicObservationLabevents.ndjson	500	0.61	824
load	MimicObservationLabevents.ndjson	500	0.62	801
load	MimicObservationLabevents.ndjson	500	0.62	803
load	MimicObservationLabevents.ndjson	500	0.62	810
load	MimicObservationLabevents.ndjson	500	0.57	879
load	MimicObservationLabevents.ndjson	500	0.61	824
load	MimicObservationLabevents.ndjson	500	0.61	821
load	MimicObservationLabevents.ndjson	500	0.63	790
load	MimicObservationLabevents.ndjson	500	0.60	829
load	MimicObservationLabevents.ndjson	500	0.58	868
load	MimicObservationLabevents.ndjson	500	0.67	746
load	MimicObservationLabevents.ndjson	500	0.60	839
load	MimicObservationLabevents.ndjson	500	0.59	845
load	MimicObservationLabevents.ndjson	500	0.69	723
load	MimicObservationLabevents.ndjson	500	0.59	853
load	MimicObservationLabevents.ndjson	500	0.58	855
load	MimicObservationLabevents.ndjson	500	0.58	861
load	MimicObservationLabevents.ndjson	500	0.59	853
load	MimicObservationLabevents.ndjson	500	0.57	879
load	MimicObservationLabevents.ndjson	500	0.67	752
load	MimicObservationLabevents.ndjson	500	0.60	839
load	MimicObservationLabevents.ndjson	500	0.59	843
load	MimicObservationLabevents.ndjson	500	0.67	751
load	MimicObservationLabevents.ndjson	500	0.58	856
load	MimicObservationLabevents.ndjson	500	0.56	885
load	MimicObservationLabevents.ndjson	500	0.67	742
load	MimicObservationLabevents.ndjson	500	0.61	822
load	MimicObservationLabevents.ndjson	500	0.58	861
load	MimicObservationLabevents.ndjson	500	0.92	545
load	MimicObservationLabevents.ndjson	500	0.92	542
load	MimicObservationLabevents.ndjson	500	0.91	552
load	MimicObservationLabevents.ndjson	500	0.92	541
load	MimicObservationLabevents.ndjson	500	0.93	537
load	MimicObservationLabevents.ndjson	500	0.89	561
load	MimicObservationLabevents.ndjson	500	0.95	526
load	MimicObservationLabevents.ndjson	500	0.95	527
load	MimicObservationLabevents.ndjson	500	0.91	550
load	MimicObservationLabevents.ndjson	500	0.92	543
load	MimicObservationLabevents.ndjson	500	0.95	524
load	MimicObservationLabevents.ndjson	500	0.90	557
load	MimicObservationLabevents.ndjson	500	0.94	533
load	MimicObservationLabevents.ndjson	500	0.93	539
load	MimicObservationLabevents.ndjson	500	1.02	489
load	MimicObservationLabevents.ndjson	500	0.98	511
load	MimicObservationLabevents.ndjson	500	1.27	392
load	MimicObservationLabevents.ndjson	500	1.21	413
load	MimicObservationLabevents.ndjson	500	1.24	403
load	MimicObservationLabevents.ndjson	500	1.23	407
load	MimicObservationLabevents.ndjson	500	1.18	425
load	MimicObservationLabevents.ndjson	500	0.94	532
load	MimicObservationLabevents.ndjson	500	0.96	522
load	MimicObservationLabevents.ndjson	500	0.96	522
load	MimicObservationLabevents.ndjson	500	0.98	512
load	MimicObservationLabevents.ndjson	500	0.67	751
load	MimicObservationLabevents.ndjson	500	0.80	628
load	MimicObservationLabevents.ndjson	500	0.94	530
load	MimicObservationLabevents.ndjson	500	0.97	516
load	MimicObservationLabevents.ndjson	500	0.91	551
load	MimicObservationLabevents.ndjson	500	0.95	525
load	MimicObservationLabevents.ndjson	500	0.97	516
load	MimicObservationLabevents.ndjson	500	0.94	535
load	MimicObservationLabevents.ndjson	500	0.95	525
load	MimicObservationLabevents.ndjson	500	0.95	529
load	MimicObservationLabevents.ndjson	500	0.93	538
load	MimicObservationLabevents.ndjson	500	0.96	522
load	MimicObservationLabevents.ndjson	500	0.97	513
load	MimicObservationLabevents.ndjson	500	0.91	548
load	MimicObservationLabevents.ndjson	500	0.92	541
load	MimicObservationLabevents.ndjson	500	0.90	559
load	MimicObservationLabevents.ndjson	500	0.97	514
load	MimicObservationLabevents.ndjson	500	0.96	518
load	MimicObservationLabevents.ndjson	500	0.92	543
load	MimicObservationLabevents.ndjson	500	0.93	539
load	MimicObservationLabevents.ndjson	500	0.96	522
load	MimicObservationLabevents.ndjson	500	0.77	652
load	MimicObservationLabevents.ndjson	500	0.75	668
load	MimicObservationLabevents.ndjson	500	0.94	529
load	MimicObservationLabevents.ndjson	500	0.94	533
load	MimicObservationLabevents.ndjson	500	0.96	520
load	MimicObservationLabevents.ndjson	500	0.96	520
load	MimicObservationLabevents.ndjson	500	0.93	541
load	MimicObservationLabevents.ndjson	500	0.96	518
load	MimicObservationLabevents.ndjson	500	0.94	533
load	MimicObservationLabevents.ndjson	500	0.99	507
load	MimicObservationLabevents.ndjson	500	0.96	522
load	MimicObservationLabevents.ndjson	500	0.96	519
load	MimicObservationLabevents.ndjson	500	0.97	514
load	MimicObservationLabevents.ndjson	500	0.97	513
load	MimicObservationLabevents.ndjson	500	0.94	530
load	MimicObservationLabevents.ndjson	500	0.99	503
load	MimicObservationLabevents.ndjson	500	1.00	502
load	MimicObservationLabevents.ndjson	500	0.89	561
load	MimicObservationLabevents.ndjson	500	0.94	533
load	MimicObservationLabevents.ndjson	500	0.84	595
load	MimicObservationLabevents.ndjson	500	0.67	746
load	MimicObservationLabevents.ndjson	500	0.94	530
load	MimicObservationLabevents.ndjson	500	0.97	515
load	MimicObservationLabevents.ndjson	500	0.95	527
load	MimicObservationLabevents.ndjson	500	0.96	520
load	MimicObservationLabevents.ndjson	500	0.94	532
load	MimicObservationLabevents.ndjson	500	0.98	512
load	MimicObservationLabevents.ndjson	500	0.96	522
load	MimicObservationLabevents.ndjson	500	0.91	549
load	MimicObservationLabevents.ndjson	500	0.97	517
load	MimicObservationLabevents.ndjson	500	0.95	526
load	MimicObservationLabevents.ndjson	500	0.95	528
load	MimicObservationLabevents.ndjson	500	0.98	511
load	MimicObservationLabevents.ndjson	500	0.91	547
load	MimicObservationLabevents.ndjson	500	0.96	522
load	MimicObservationLabevents.ndjson	500	1.02	492
load	MimicObservationLabevents.ndjson	500	0.93	539
load	MimicObservationLabevents.ndjson	500	0.88	569
load	MimicObservationLabevents.ndjson	500	0.71	704
load	MimicObservationLabevents.ndjson	500	1.00	498
load	MimicObservationLabevents.ndjson	500	1.01	493
load	MimicObservationLabevents.ndjson	500	0.95	526
load	MimicObservationLabevents.ndjson	500	0.99	504
load	MimicObservationLabevents.ndjson	500	0.99	504
load	MimicObservationLabevents.ndjson	500	0.95	528
load	MimicObservationLabevents.ndjson	500	0.99	507
load	MimicObservationLabevents.ndjson	500	0.96	519
load	MimicObservationLabevents.ndjson	500	0.69	722
load	MimicObservationLabevents.ndjson	500	0.82	610
load	MimicObservationLabevents.ndjson	500	0.76	655
load	MimicObservationLabevents.ndjson	500	0.77	651
load	MimicObservationLabevents.ndjson	500	0.96	521
load	MimicObservationLabevents.ndjson	500	0.97	513
load	MimicObservationLabevents.ndjson	500	0.97	514
load	MimicObservationLabevents.ndjson	500	1.00	498
load	MimicObservationLabevents.ndjson	500	0.96	518
load	MimicObservationLabevents.ndjson	500	0.99	505
load	MimicObservationLabevents.ndjson	500	0.98	511
load	MimicObservationLabevents.ndjson	500	0.95	529
load	MimicObservationLabevents.ndjson	500	0.98	511
load	MimicObservationLabevents.ndjson	500	0.94	529
load	MimicObservationLabevents.ndjson	500	1.00	500
load	MimicObservationLabevents.ndjson	500	0.95	527
load	MimicObservationLabevents.ndjson	500	0.99	504
load	MimicObservationLabevents.ndjson	500	0.99	507
load	MimicObservationLabevents.ndjson	500	1.15	436
load	MimicObservationLabevents.ndjson	500	1.02	490
load	MimicObservationLabevents.ndjson	500	0.98	511
load	MimicObservationLabevents.ndjson	500	0.99	505
load	MimicObservationLabevents.ndjson	500	0.97	515
load	MimicObservationLabevents.ndjson	500	0.99	505
load	MimicObservationLabevents.ndjson	500	0.96	522
load	MimicObservationLabevents.ndjson	500	1.01	493
load	MimicObservationLabevents.ndjson	500	0.99	506
load	MimicObservationLabevents.ndjson	500	0.70	715
load	MimicObservationLabevents.ndjson	500	0.82	607
load	MimicObservationLabevents.ndjson	500	0.86	581
load	MimicObservationLabevents.ndjson	500	0.77	654
load	MimicObservationLabevents.ndjson	500	0.90	555
load	MimicObservationLabevents.ndjson	500	0.71	706
load	MimicObservationLabevents.ndjson	500	1.00	498
load	MimicObservationLabevents.ndjson	500	0.93	535
load	MimicObservationLabevents.ndjson	500	0.96	523
load	MimicObservationLabevents.ndjson	500	0.98	508
load	MimicObservationLabevents.ndjson	500	0.95	526
load	MimicObservationLabevents.ndjson	500	0.97	516
load	MimicObservationLabevents.ndjson	500	0.98	508
load	MimicObservationLabevents.ndjson	500	0.98	508
load	MimicObservationLabevents.ndjson	500	0.98	510
load	MimicObservationLabevents.ndjson	500	1.01	496
load	MimicObservationLabevents.ndjson	500	0.99	503
load	MimicObservationLabevents.ndjson	500	0.98	511
load	MimicObservationLabevents.ndjson	500	0.99	506
load	MimicObservationLabevents.ndjson	500	1.04	480
load	MimicObservationLabevents.ndjson	500	0.95	525
load	MimicObservationLabevents.ndjson	500	1.03	486
load	MimicObservationLabevents.ndjson	500	1.00	499
load	MimicObservationLabevents.ndjson	500	0.94	531
load	MimicObservationLabevents.ndjson	500	1.01	497
load	MimicObservationLabevents.ndjson	500	1.02	490
load	MimicObservationLabevents.ndjson	500	0.98	511
load	MimicObservationLabevents.ndjson	500	1.03	483
load	MimicObservationLabevents.ndjson	500	1.01	493
load	MimicObservationLabevents.ndjson	500	0.97	515
load	MimicObservationLabevents.ndjson	500	0.96	520
load	MimicObservationLabevents.ndjson	500	0.82	609
load	MimicObservationLabevents.ndjson	500	0.64	776
load	MimicObservationLabevents.ndjson	500	0.67	749
load	MimicObservationLabevents.ndjson	500	0.71	703
load	MimicObservationLabevents.ndjson	500	0.67	749
load	MimicObservationLabevents.ndjson	500	0.72	696
load	MimicObservationLabevents.ndjson	500	0.69	728
load	MimicObservationLabevents.ndjson	500	0.63	796
load	MimicObservationLabevents.ndjson	500	0.69	724
load	MimicObservationLabevents.ndjson	500	0.63	795
load	MimicObservationLabevents.ndjson	500	0.68	735
load	MimicObservationLabevents.ndjson	500	0.63	796
load	MimicObservationLabevents.ndjson	227	0.33	688
file	MimicObservationLabevents.ndjson	107727	195.67	551
load	MimicObservationChartevents.ndjson	500	0.54	923
load	MimicObservationChartevents.ndjson	500	0.60	836
load	MimicObservationChartevents.ndjson	500	0.56	899
load	MimicObservationChartevents.ndjson	500	0.54	924
load	MimicObservationChartevents.ndjson	500	0.56	885
load	MimicObservationChartevents.ndjson	500	0.64	780
load	MimicObservationChartevents.ndjson	500	0.58	868
load	MimicObservationChartevents.ndjson	500	0.55	909
load	MimicObservationChartevents.ndjson	500	0.68	735
load	MimicObservationChartevents.ndjson	500	0.56	896
load	MimicObservationChartevents.ndjson	500	0.54	921
load	MimicObservationChartevents.ndjson	500	0.55	904
load	MimicObservationChartevents.ndjson	500	0.55	904
load	MimicObservationChartevents.ndjson	500	0.57	880
load	MimicObservationChartevents.ndjson	500	0.60	826
load	MimicObservationChartevents.ndjson	500	0.55	917
load	MimicObservationChartevents.ndjson	500	0.57	877
load	MimicObservationChartevents.ndjson	500	0.62	812
load	MimicObservationChartevents.ndjson	500	0.54	923
load	MimicObservationChartevents.ndjson	500	0.54	923
load	MimicObservationChartevents.ndjson	500	0.55	911
load	MimicObservationChartevents.ndjson	500	0.60	839
load	MimicObservationChartevents.ndjson	500	0.55	903
load	MimicObservationChartevents.ndjson	500	0.57	883
load	MimicObservationChartevents.ndjson	500	0.84	593
load	MimicObservationChartevents.ndjson	500	0.81	618
load	MimicObservationChartevents.ndjson	500	0.89	562
load	MimicObservationChartevents.ndjson	500	0.82	606
load	MimicObservationChartevents.ndjson	500	0.87	577
load	MimicObservationChartevents.ndjson	500	0.85	588
load	MimicObservationChartevents.ndjson	500	0.84	596
load	MimicObservationChartevents.ndjson	500	0.85	587
load	MimicObservationChartevents.ndjson	500	0.84	597
load	MimicObservationChartevents.ndjson	500	0.82	607
load	MimicObservationChartevents.ndjson	500	0.92	546
load	MimicObservationChartevents.ndjson	500	0.82	613
load	MimicObservationChartevents.ndjson	500	0.84	595
load	MimicObservationChartevents.ndjson	500	0.84	593
load	MimicObservationChartevents.ndjson	500	0.87	575
load	MimicObservationChartevents.ndjson	500	0.82	607
load	MimicObservationChartevents.ndjson	500	0.89	564
load	MimicObservationChartevents.ndjson	500	0.85	588
load	MimicObservationChartevents.ndjson	500	0.86	580
load	MimicObservationChartevents.ndjson	500	0.83	600
load	MimicObservationChartevents.ndjson	500	0.86	579
load	MimicObservationChartevents.ndjson	500	0.87	574
load	MimicObservationChartevents.ndjson	500	0.89	564
load	MimicObservationChartevents.ndjson	500	0.85	590
load	MimicObservationChartevents.ndjson	500	0.86	579
load	MimicObservationChartevents.ndjson	500	0.86	581
load	MimicObservationChartevents.ndjson	500	0.87	575
load	MimicObservationChartevents.ndjson	500	0.89	561
load	MimicObservationChartevents.ndjson	500	0.85	585
load	MimicObservationChartevents.ndjson	500	0.86	579
load	MimicObservationChartevents.ndjson	500	0.87	575
load	MimicObservationChartevents.ndjson	500	0.84	597
load	MimicObservationChartevents.ndjson	500	0.66	755
load	MimicObservationChartevents.ndjson	500	0.83	605
load	MimicObservationChartevents.ndjson	500	0.87	575
load	MimicObservationChartevents.ndjson	500	0.84	595
load	MimicObservationChartevents.ndjson	500	0.89	564
load	MimicObservationChartevents.ndjson	500	0.85	590
load	MimicObservationChartevents.ndjson	500	0.90	554
load	MimicObservationChartevents.ndjson	500	0.86	584
load	MimicObservationChartevents.ndjson	500	0.89	561
load	MimicObservationChartevents.ndjson	500	0.89	565
load	MimicObservationChartevents.ndjson	500	0.86	581
load	MimicObservationChartevents.ndjson	500	0.88	571
load	MimicObservationChartevents.ndjson	500	0.89	565
load	MimicObservationChartevents.ndjson	500	0.87	572
load	MimicObservationChartevents.ndjson	500	0.83	602
load	MimicObservationChartevents.ndjson	500	0.85	590
load	MimicObservationChartevents.ndjson	500	0.91	548
load	MimicObservationChartevents.ndjson	500	0.87	577
load	MimicObservationChartevents.ndjson	500	0.86	581
load	MimicObservationChartevents.ndjson	500	0.94	529
load	MimicObservationChartevents.ndjson	500	0.75	664
load	MimicObservationChartevents.ndjson	500	0.63	791
load	MimicObservationChartevents.ndjson	500	0.85	585
load	MimicObservationChartevents.ndjson	500	0.86	584
load	MimicObservationChartevents.ndjson	500	0.87	572
load	MimicObservationChartevents.ndjson	500	0.83	600
load	MimicObservationChartevents.ndjson	500	0.90	559
load	MimicObservationChartevents.ndjson	500	0.66	753
load	MimicObservationChartevents.ndjson	500	0.71	700
load	MimicObservationChartevents.ndjson	500	0.85	591
load	MimicObservationChartevents.ndjson	500	0.85	589
load	MimicObservationChartevents.ndjson	500	0.85	590
load	MimicObservationChartevents.ndjson	500	0.87	577
load	MimicObservationChartevents.ndjson	500	0.86	584
load	MimicObservationChartevents.ndjson	500	0.94	534
load	MimicObservationChartevents.ndjson	500	0.80	627
load	MimicObservationChartevents.ndjson	500	0.63	800
load	MimicObservationChartevents.ndjson	500	0.85	591
load	MimicObservationChartevents.ndjson	500	0.91	552
load	MimicObservationChartevents.ndjson	500	0.85	585
load	MimicObservationChartevents.ndjson	500	0.87	574
load	MimicObservationChartevents.ndjson	500	0.88	566
load	MimicObservationChartevents.ndjson	500	0.85	588
load	MimicObservationChartevents.ndjson	500	0.85	585
load	MimicObservationChartevents.ndjson	500	0.89	562
load	MimicObservationChartevents.ndjson	500	0.83	602
load	MimicObservationChartevents.ndjson	500	0.76	662
load	MimicObservationChartevents.ndjson	500	0.61	816
load	MimicObservationChartevents.ndjson	500	0.87	573
load	MimicObservationChartevents.ndjson	500	0.65	766
load	MimicObservationChartevents.ndjson	500	0.72	692
load	MimicObservationChartevents.ndjson	500	0.86	579
load	MimicObservationChartevents.ndjson	500	0.93	539
load	MimicObservationChartevents.ndjson	500	0.94	530
load	MimicObservationChartevents.ndjson	500	0.92	546
load	MimicObservationChartevents.ndjson	500	0.94	534
load	MimicObservationChartevents.ndjson	500	0.95	528
load	MimicObservationChartevents.ndjson	500	0.94	531
load	MimicObservationChartevents.ndjson	500	0.93	541
load	MimicObservationChartevents.ndjson	500	0.89	564
load	MimicObservationChartevents.ndjson	500	0.90	554
load	MimicObservationChartevents.ndjson	500	0.77	649
load	MimicObservationChartevents.ndjson	500	0.63	789
load	MimicObservationChartevents.ndjson	500	0.86	581
load	MimicObservationChartevents.ndjson	500	0.87	577
load	MimicObservationChartevents.ndjson	500	0.90	553
load	MimicObservationChartevents.ndjson	500	0.95	524
load	MimicObservationChartevents.ndjson	500	0.96	522
load	MimicObservationChartevents.ndjson	500	0.88	568
load	MimicObservationChartevents.ndjson	500	0.94	535
load	MimicObservationChartevents.ndjson	500	0.69	729
load	MimicObservationChartevents.ndjson	500	0.72	695
load	MimicObservationChartevents.ndjson	500	0.91	552
load	MimicObservationChartevents.ndjson	500	0.86	579
load	MimicObservationChartevents.ndjson	500	0.93	537
load	MimicObservationChartevents.ndjson	500	0.91	551
load	MimicObservationChartevents.ndjson	500	0.83	600
load	MimicObservationChartevents.ndjson	500	0.66	763
load	MimicObservationChartevents.ndjson	500	0.87	574
load	MimicObservationChartevents.ndjson	500	0.87	575
load	MimicObservationChartevents.ndjson	500	0.91	552
load	MimicObservationChartevents.ndjson	500	0.90	553
load	MimicObservationChartevents.ndjson	500	0.93	537
load	MimicObservationChartevents.ndjson	500	0.93	539
load	MimicObservationChartevents.ndjson	500	0.91	552
load	MimicObservationChartevents.ndjson	500	0.94	533
load	MimicObservationChartevents.ndjson	500	0.92	541
load	MimicObservationChartevents.ndjson	500	0.91	548
load	MimicObservationChartevents.ndjson	500	0.89	562
load	MimicObservationChartevents.ndjson	500	0.92	542
load	MimicObservationChartevents.ndjson	500	0.89	561
load	MimicObservationChartevents.ndjson	500	0.98	511
load	MimicObservationChartevents.ndjson	500	0.60	831
load	MimicObservationChartevents.ndjson	500	0.63	794
load	MimicObservationChartevents.ndjson	500	0.58	864
load	MimicObservationChartevents.ndjson	500	0.66	760
load	MimicObservationChartevents.ndjson	500	0.60	829
load	MimicObservationChartevents.ndjson	500	0.64	781
load	MimicObservationChartevents.ndjson	500	0.67	750
load	MimicObservationChartevents.ndjson	500	0.60	836
load	MimicObservationChartevents.ndjson	500	0.58	855
load	MimicObservationChartevents.ndjson	500	0.70	713
load	MimicObservationChartevents.ndjson	500	0.60	835
load	MimicObservationChartevents.ndjson	500	0.63	792
load	MimicObservationChartevents.ndjson	500	0.58	859
load	MimicObservationChartevents.ndjson	500	0.63	790
load	MimicObservationChartevents.ndjson	500	0.62	804
load	MimicObservationChartevents.ndjson	500	0.64	779
load	MimicObservationChartevents.ndjson	500	0.61	821
load	MimicObservationChartevents.ndjson	500	0.65	769
load	MimicObservationChartevents.ndjson	500	0.58	861
load	MimicObservationChartevents.ndjson	500	0.60	839
load	MimicObservationChartevents.ndjson	500	0.59	840
load	MimicObservationChartevents.ndjson	500	0.62	806
load	MimicObservationChartevents.ndjson	500	0.59	843
load	MimicObservationChartevents.ndjson	500	0.63	795
load	MimicObservationChartevents.ndjson	500	0.60	831
load	MimicObservationChartevents.ndjson	500	0.63	796
load	MimicObservationChartevents.ndjson	500	0.64	780
load	MimicObservationChartevents.ndjson	500	0.63	797
load	MimicObservationChartevents.ndjson	500	0.59	849
load	MimicObservationChartevents.ndjson	500	0.67	747
load	MimicObservationChartevents.ndjson	500	0.61	820
load	MimicObservationChartevents.ndjson	500	0.60	831
load	MimicObservationChartevents.ndjson	500	0.66	762
load	MimicObservationChartevents.ndjson	500	0.63	796
load	MimicObservationChartevents.ndjson	500	0.60	828
load	MimicObservationChartevents.ndjson	500	0.82	608
load	MimicObservationChartevents.ndjson	500	0.89	562
load	MimicObservationChartevents.ndjson	500	0.92	541
load	MimicObservationChartevents.ndjson	500	0.90	554
load	MimicObservationChartevents.ndjson	500	0.91	548
load	MimicObservationChartevents.ndjson	500	0.91	549
load	MimicObservationChartevents.ndjson	500	0.93	538
load	MimicObservationChartevents.ndjson	500	0.88	566
load	MimicObservationChartevents.ndjson	500	0.92	542
load	MimicObservationChartevents.ndjson	500	0.92	545
load	MimicObservationChartevents.ndjson	500	0.90	557
load	MimicObservationChartevents.ndjson	500	0.89	559
load	MimicObservationChartevents.ndjson	500	0.88	566
load	MimicObservationChartevents.ndjson	500	0.90	557
load	MimicObservationChartevents.ndjson	500	0.84	595
load	MimicObservationChartevents.ndjson	500	0.71	704
load	MimicObservationChartevents.ndjson	500	0.69	722
load	MimicObservationChartevents.ndjson	500	0.89	559
load	MimicObservationChartevents.ndjson	500	0.87	576
load	MimicObservationChartevents.ndjson	500	0.92	544
load	MimicObservationChartevents.ndjson	500	0.87	576
load	MimicObservationChartevents.ndjson	500	0.89	564
load	MimicObservationChartevents.ndjson	500	0.87	577
load	MimicObservationChartevents.ndjson	500	0.89	562
load	MimicObservationChartevents.ndjson	500	0.87	576
load	MimicObservationChartevents.ndjson	500	0.86	580
load	MimicObservationChartevents.ndjson	500	0.87	577
load	MimicObservationChartevents.ndjson	500	0.90	555
load	MimicObservationChartevents.ndjson	500	0.79	635
load	MimicObservationChartevents.ndjson	500	0.64	785
load	MimicObservationChartevents.ndjson	500	0.88	569
load	MimicObservationChartevents.ndjson	500	0.91	551
load	MimicObservationChartevents.ndjson	500	0.89	561
load	MimicObservationChartevents.ndjson	500	0.87	575
load	MimicObservationChartevents.ndjson	500	0.88	569
load	MimicObservationChartevents.ndjson	500	0.88	570
load	MimicObservationChartevents.ndjson	500	0.62	803
load	MimicObservationChartevents.ndjson	500	0.88	570
load	MimicObservationChartevents.ndjson	500	0.88	568
load	MimicObservationChartevents.ndjson	500	0.88	567
load	MimicObservationChartevents.ndjson	500	0.88	567
load	MimicObservationChartevents.ndjson	500	0.64	782
load	MimicObservationChartevents.ndjson	500	0.88	568
load	MimicObservationChartevents.ndjson	500	0.90	557
load	MimicObservationChartevents.ndjson	500	0.86	579
load	MimicObservationChartevents.ndjson	500	0.93	541
load	MimicObservationChartevents.ndjson	500	0.90	557
load	MimicObservationChartevents.ndjson	500	0.92	542
load	MimicObservationChartevents.ndjson	500	0.86	581
load	MimicObservationChartevents.ndjson	500	0.64	780
load	MimicObservationChartevents.ndjson	500	0.77	649
load	MimicObservationChartevents.ndjson	500	0.76	659
load	MimicObservationChartevents.ndjson	500	0.68	735
load	MimicObservationChartevents.ndjson	500	0.90	556
load	MimicObservationChartevents.ndjson	500	0.92	544
load	MimicObservationChartevents.ndjson	500	0.90	556
load	MimicObservationChartevents.ndjson	500	0.92	544
load	MimicObservationChartevents.ndjson	500	0.89	561
load	MimicObservationChartevents.ndjson	500	0.94	531
load	MimicObservationChartevents.ndjson	500	0.90	559
load	MimicObservationChartevents.ndjson	500	0.92	542
load	MimicObservationChartevents.ndjson	500	0.88	569
load	MimicObservationChartevents.ndjson	500	0.68	736
load	MimicObservationChartevents.ndjson	500	0.72	696
load	MimicObservationChartevents.ndjson	500	0.85	590
load	MimicObservationChartevents.ndjson	500	0.69	729
load	MimicObservationChartevents.ndjson	500	0.92	541
load	MimicObservationChartevents.ndjson	500	0.91	547
load	MimicObservationChartevents.ndjson	500	0.68	739
load	MimicObservationChartevents.ndjson	500	0.75	668
load	MimicObservationChartevents.ndjson	500	0.89	560
load	MimicObservationChartevents.ndjson	500	0.91	547
load	MimicObservationChartevents.ndjson	500	0.93	541
load	MimicObservationChartevents.ndjson	500	0.91	547
load	MimicObservationChartevents.ndjson	500	0.94	533
load	MimicObservationChartevents.ndjson	500	0.91	550
load	MimicObservationChartevents.ndjson	500	0.94	530
load	MimicObservationChartevents.ndjson	500	0.81	619
load	MimicObservationChartevents.ndjson	500	0.60	829
load	MimicObservationChartevents.ndjson	500	0.63	796
load	MimicObservationChartevents.ndjson	500	0.68	732
load	MimicObservationChartevents.ndjson	500	0.63	794
load	MimicObservationChartevents.ndjson	500	0.61	821
load	MimicObservationChartevents.ndjson	500	0.66	758
load	MimicObservationChartevents.ndjson	500	0.67	744
load	MimicObservationChartevents.ndjson	500	0.62	806
load	MimicObservationChartevents.ndjson	500	0.68	736
load	MimicObservationChartevents.ndjson	500	0.62	806
load	MimicObservationChartevents.ndjson	500	0.63	789
load	MimicObservationChartevents.ndjson	500	0.62	803
load	MimicObservationChartevents.ndjson	500	0.63	799
load	MimicObservationChartevents.ndjson	500	0.61	822
load	MimicObservationChartevents.ndjson	500	0.72	690
load	MimicObservationChartevents.ndjson	500	0.62	801
load	MimicObservationChartevents.ndjson	500	0.63	792
load	MimicObservationChartevents.ndjson	500	0.64	782
load	MimicObservationChartevents.ndjson	500	0.61	818
load	MimicObservationChartevents.ndjson	500	0.59	853
load	MimicObservationChartevents.ndjson	500	0.70	711
load	MimicObservationChartevents.ndjson	500	0.62	805
load	MimicObservationChartevents.ndjson	500	0.60	829
load	MimicObservationChartevents.ndjson	500	0.63	800
load	MimicObservationChartevents.ndjson	500	0.61	821
load	MimicObservationChartevents.ndjson	500	0.66	761
load	MimicObservationChartevents.ndjson	500	0.59	850
load	MimicObservationChartevents.ndjson	500	0.61	825
load	MimicObservationChartevents.ndjson	500	0.66	758
load	MimicObservationChartevents.ndjson	500	0.64	785
load	MimicObservationChartevents.ndjson	500	0.62	803
load	MimicObservationChartevents.ndjson	500	0.64	787
load	MimicObservationChartevents.ndjson	500	0.62	803
load	MimicObservationChartevents.ndjson	500	0.60	832
load	MimicObservationChartevents.ndjson	500	0.59	846
load	MimicObservationChartevents.ndjson	500	0.61	813
load	MimicObservationChartevents.ndjson	500	0.62	808
load	MimicObservationChartevents.ndjson	500	0.66	762
load	MimicObservationChartevents.ndjson	500	0.61	813
load	MimicObservationChartevents.ndjson	500	0.59	846
load	MimicObservationChartevents.ndjson	500	0.70	715
load	MimicObservationChartevents.ndjson	500	0.60	829
load	MimicObservationChartevents.ndjson	500	0.67	749
load	MimicObservationChartevents.ndjson	500	0.66	756
load	MimicObservationChartevents.ndjson	500	0.62	812
load	MimicObservationChartevents.ndjson	500	0.74	673
load	MimicObservationChartevents.ndjson	500	0.84	595
load	MimicObservationChartevents.ndjson	500	0.79	635
load	MimicObservationChartevents.ndjson	500	0.84	595
load	MimicObservationChartevents.ndjson	500	0.80	627
load	MimicObservationChartevents.ndjson	500	0.72	696
load	MimicObservationChartevents.ndjson	500	0.79	635
load	MimicObservationChartevents.ndjson	500	0.73	683
load	MimicObservationChartevents.ndjson	500	0.73	680
load	MimicObservationChartevents.ndjson	500	0.71	699
load	MimicObservationChartevents.ndjson	500	0.92	544
load	MimicObservationChartevents.ndjson	500	0.93	536
load	MimicObservationChartevents.ndjson	500	0.90	557
load	MimicObservationChartevents.ndjson	500	0.92	542
load	MimicObservationChartevents.ndjson	500	0.87	572
load	MimicObservationChartevents.ndjson	500	0.89	564
load	MimicObservationChartevents.ndjson	500	0.86	583
load	MimicObservationChartevents.ndjson	500	0.89	559
load	MimicObservationChartevents.ndjson	500	0.89	561
load	MimicObservationChartevents.ndjson	500	0.94	532
load	MimicObservationChartevents.ndjson	500	0.90	556
load	MimicObservationChartevents.ndjson	500	0.88	569
load	MimicObservationChartevents.ndjson	500	0.90	555
load	MimicObservationChartevents.ndjson	500	0.90	559
load	MimicObservationChartevents.ndjson	500	0.91	551
load	MimicObservationChartevents.ndjson	500	0.90	556
load	MimicObservationChartevents.ndjson	500	0.90	557
load	MimicObservationChartevents.ndjson	500	0.92	543
load	MimicObservationChartevents.ndjson	500	0.90	553
load	MimicObservationChartevents.ndjson	500	0.90	554
load	MimicObservationChartevents.ndjson	500	0.66	756
load	MimicObservationChartevents.ndjson	500	0.76	662
load	MimicObservationChartevents.ndjson	500	0.90	556
load	MimicObservationChartevents.ndjson	500	0.94	534
load	MimicObservationChartevents.ndjson	500	0.89	562
load	MimicObservationChartevents.ndjson	500	0.88	568
load	MimicObservationChartevents.ndjson	500	0.88	570
load	MimicObservationChartevents.ndjson	500	0.87	574
load	MimicObservationChartevents.ndjson	500	0.90	555
load	MimicObservationChartevents.ndjson	500	0.88	571
load	MimicObservationChartevents.ndjson	500	0.92	544
load	MimicObservationChartevents.ndjson	500	0.90	557
load	MimicObservationChartevents.ndjson	500	0.97	518
load	MimicObservationChartevents.ndjson	500	0.93	541
load	MimicObservationChartevents.ndjson	500	0.90	557
load	MimicObservationChartevents.ndjson	500	0.89	560
load	MimicObservationChartevents.ndjson	500	0.90	555
load	MimicObservationChartevents.ndjson	500	0.95	527
load	MimicObservationChartevents.ndjson	500	0.86	581
load	MimicObservationChartevents.ndjson	500	0.90	556
load	MimicObservationChartevents.ndjson	500	0.88	568
load	MimicObservationChartevents.ndjson	500	0.89	563
load	MimicObservationChartevents.ndjson	500	0.89	561
load	MimicObservationChartevents.ndjson	500	0.63	795
load	MimicObservationChartevents.ndjson	500	0.86	583
load	MimicObservationChartevents.ndjson	500	0.92	543
load	MimicObservationChartevents.ndjson	500	0.91	552
load	MimicObservationChartevents.ndjson	500	0.87	574
load	MimicObservationChartevents.ndjson	500	0.94	532
load	MimicObservationChartevents.ndjson	500	0.85	589
load	MimicObservationChartevents.ndjson	500	0.88	569
load	MimicObservationChartevents.ndjson	500	0.65	767
load	MimicObservationChartevents.ndjson	500	0.80	622
load	MimicObservationChartevents.ndjson	500	0.87	573
load	MimicObservationChartevents.ndjson	500	0.92	545
load	MimicObservationChartevents.ndjson	500	0.86	579
load	MimicObservationChartevents.ndjson	500	0.93	538
load	MimicObservationChartevents.ndjson	500	0.88	567
load	MimicObservationChartevents.ndjson	500	0.87	577
load	MimicObservationChartevents.ndjson	500	0.67	750
load	MimicObservationChartevents.ndjson	500	0.89	561
load	MimicObservationChartevents.ndjson	500	0.93	536
load	MimicObservationChartevents.ndjson	500	0.93	541
load	MimicObservationChartevents.ndjson	500	0.91	548
load	MimicObservationChartevents.ndjson	500	0.91	551
load	MimicObservationChartevents.ndjson	500	0.91	551
load	MimicObservationChartevents.ndjson	500	0.91	549
load	MimicObservationChartevents.ndjson	500	0.96	522
load	MimicObservationChartevents.ndjson	500	0.92	546
load	MimicObservationChartevents.ndjson	500	0.77	651
load	MimicObservationChartevents.ndjson	500	0.70	716
load	MimicObservationChartevents.ndjson	500	0.91	552
load	MimicObservationChartevents.ndjson	500	0.69	727
load	MimicObservationChartevents.ndjson	500	0.73	683
load	MimicObservationChartevents.ndjson	500	0.95	525
load	MimicObservationChartevents.ndjson	500	0.94	530
load	MimicObservationChartevents.ndjson	500	0.91	552
load	MimicObservationChartevents.ndjson	500	0.92	542
load	MimicObservationChartevents.ndjson	500	0.92	545
load	MimicObservationChartevents.ndjson	500	0.93	536
load	MimicObservationChartevents.ndjson	500	0.89	562
load	MimicObservationChartevents.ndjson	500	0.90	556
load	MimicObservationChartevents.ndjson	500	0.93	539
load	MimicObservationChartevents.ndjson	500	0.93	535
load	MimicObservationChartevents.ndjson	500	0.92	542
load	MimicObservationChartevents.ndjson	500	0.94	535
load	MimicObservationChartevents.ndjson	500	0.90	556
load	MimicObservationChartevents.ndjson	500	0.93	541
load	MimicObservationChartevents.ndjson	500	0.91	552
load	MimicObservationChartevents.ndjson	500	0.93	541
load	MimicObservationChartevents.ndjson	500	0.95	527
load	MimicObservationChartevents.ndjson	500	0.92	541
load	MimicObservationChartevents.ndjson	500	0.89	560
load	MimicObservationChartevents.ndjson	500	0.88	568
load	MimicObservationChartevents.ndjson	500	0.93	541
load	MimicObservationChartevents.ndjson	500	0.92	544
load	MimicObservationChartevents.ndjson	500	0.86	578
load	MimicObservationChartevents.ndjson	500	0.65	772
load	MimicObservationChartevents.ndjson	500	0.82	611
load	MimicObservationChartevents.ndjson	500	0.92	543
load	MimicObservationChartevents.ndjson	500	0.93	541
load	MimicObservationChartevents.ndjson	500	0.89	564
load	MimicObservationChartevents.ndjson	500	0.91	549
load	MimicObservationChartevents.ndjson	500	0.91	548
load	MimicObservationChartevents.ndjson	500	0.90	557
load	MimicObservationChartevents.ndjson	500	0.95	529
load	MimicObservationChartevents.ndjson	500	0.91	552
load	MimicObservationChartevents.ndjson	500	0.97	517
load	MimicObservationChartevents.ndjson	500	0.89	564
load	MimicObservationChartevents.ndjson	500	0.96	518
load	MimicObservationChartevents.ndjson	500	0.90	554
load	MimicObservationChartevents.ndjson	500	0.94	532
load	MimicObservationChartevents.ndjson	500	0.90	554
load	MimicObservationChartevents.ndjson	500	0.94	529
load	MimicObservationChartevents.ndjson	500	0.89	563
load	MimicObservationChartevents.ndjson	500	0.89	561
load	MimicObservationChartevents.ndjson	500	0.88	566
load	MimicObservationChartevents.ndjson	500	0.65	766
load	MimicObservationChartevents.ndjson	500	0.87	572
load	MimicObservationChartevents.ndjson	500	0.93	538
load	MimicObservationChartevents.ndjson	500	0.89	561
load	MimicObservationChartevents.ndjson	500	0.92	544
load	MimicObservationChartevents.ndjson	500	0.89	564
load	MimicObservationChartevents.ndjson	500	0.92	545
load	MimicObservationChartevents.ndjson	500	0.74	677
load	MimicObservationChartevents.ndjson	500	0.74	675
load	MimicObservationChartevents.ndjson	500	0.91	552
load	MimicObservationChartevents.ndjson	500	0.95	525
load	MimicObservationChartevents.ndjson	500	0.90	559
load	MimicObservationChartevents.ndjson	500	0.92	546
load	MimicObservationChartevents.ndjson	500	0.88	569
load	MimicObservationChartevents.ndjson	500	0.93	535
load	MimicObservationChartevents.ndjson	500	0.89	564
load	MimicObservationChartevents.ndjson	500	0.94	532
load	MimicObservationChartevents.ndjson	500	0.90	553
load	MimicObservationChartevents.ndjson	500	0.93	536
load	MimicObservationChartevents.ndjson	500	0.89	560
load	MimicObservationChartevents.ndjson	500	0.93	538
load	MimicObservationChartevents.ndjson	500	0.90	558
load	MimicObservationChartevents.ndjson	500	0.91	548
load	MimicObservationChartevents.ndjson	500	0.89	561
load	MimicObservationChartevents.ndjson	500	0.90	557
load	MimicObservationChartevents.ndjson	500	0.90	554
load	MimicObservationChartevents.ndjson	500	0.89	560
load	MimicObservationChartevents.ndjson	500	0.85	591
load	MimicObservationChartevents.ndjson	500	0.60	828
load	MimicObservationChartevents.ndjson	500	0.61	814
load	MimicObservationChartevents.ndjson	500	0.69	730
load	MimicObservationChartevents.ndjson	500	0.61	824
load	MimicObservationChartevents.ndjson	500	0.60	831
load	MimicObservationChartevents.ndjson	500	0.69	727
load	MimicObservationChartevents.ndjson	500	0.62	810
load	MimicObservationChartevents.ndjson	500	0.57	876
load	MimicObservationChartevents.ndjson	500	0.64	778
load	MimicObservationChartevents.ndjson	500	0.63	795
load	MimicObservationChartevents.ndjson	500	0.63	797
load	MimicObservationChartevents.ndjson	500	0.59	846
load	MimicObservationChartevents.ndjson	500	0.61	820
load	MimicObservationChartevents.ndjson	500	0.63	791
load	MimicObservationChartevents.ndjson	500	0.65	765
load	MimicObservationChartevents.ndjson	500	0.61	816
load	MimicObservationChartevents.ndjson	500	0.61	821
load	MimicObservationChartevents.ndjson	500	0.65	766
load	MimicObservationChartevents.ndjson	500	0.60	832
load	MimicObservationChartevents.ndjson	500	0.61	813
load	MimicObservationChartevents.ndjson	500	0.66	759
load	MimicObservationChartevents.ndjson	500	0.58	856
load	MimicObservationChartevents.ndjson	500	0.60	832
load	MimicObservationChartevents.ndjson	500	0.59	842
load	MimicObservationChartevents.ndjson	500	0.62	805
load	MimicObservationChartevents.ndjson	500	0.62	805
load	MimicObservationChartevents.ndjson	500	0.68	733
load	MimicObservationChartevents.ndjson	500	0.60	829
load	MimicObservationChartevents.ndjson	500	0.61	817
load	MimicObservationChartevents.ndjson	500	0.70	716
load	MimicObservationChartevents.ndjson	500	0.61	824
load	MimicObservationChartevents.ndjson	500	0.63	794
load	MimicObservationChartevents.ndjson	500	0.72	692
load	MimicObservationChartevents.ndjson	500	0.62	810
load	MimicObservationChartevents.ndjson	500	0.65	772
load	MimicObservationChartevents.ndjson	500	0.63	800
load	MimicObservationChartevents.ndjson	500	0.62	810
load	MimicObservationChartevents.ndjson	500	0.65	766
load	MimicObservationChartevents.ndjson	500	0.60	839
load	MimicObservationChartevents.ndjson	500	0.60	839
load	MimicObservationChartevents.ndjson	500	0.63	799
load	MimicObservationChartevents.ndjson	500	0.63	797
load	MimicObservationChartevents.ndjson	500	0.60	831
load	MimicObservationChartevents.ndjson	500	0.65	775
load	MimicObservationChartevents.ndjson	500	0.63	795
load	MimicObservationChartevents.ndjson	500	0.60	826
load	MimicObservationChartevents.ndjson	500	0.65	767
load	MimicObservationChartevents.ndjson	500	0.61	818
load	MimicObservationChartevents.ndjson	500	0.61	822
load	MimicObservationChartevents.ndjson	500	0.68	735
load	MimicObservationChartevents.ndjson	500	0.60	839
load	MimicObservationChartevents.ndjson	500	0.65	775
load	MimicObservationChartevents.ndjson	500	0.66	753
load	MimicObservationChartevents.ndjson	500	0.62	810
load	MimicObservationChartevents.ndjson	500	0.61	825
load	MimicObservationChartevents.ndjson	500	0.70	710
load	MimicObservationChartevents.ndjson	500	0.60	839
load	MimicObservationChartevents.ndjson	500	0.68	736
load	MimicObservationChartevents.ndjson	500	0.91	552
load	MimicObservationChartevents.ndjson	500	0.88	570
load	MimicObservationChartevents.ndjson	500	0.85	585
load	MimicObservationChartevents.ndjson	500	0.89	563
load	MimicObservationChartevents.ndjson	500	0.90	555
load	MimicObservationChartevents.ndjson	500	0.89	562
load	MimicObservationChartevents.ndjson	500	0.94	532
load	MimicObservationChartevents.ndjson	500	1.00	499
load	MimicObservationChartevents.ndjson	500	0.99	505
load	MimicObservationChartevents.ndjson	500	0.91	552
load	MimicObservationChartevents.ndjson	500	0.90	553
load	MimicObservationChartevents.ndjson	500	0.90	556
load	MimicObservationChartevents.ndjson	500	0.88	569
load	MimicObservationChartevents.ndjson	500	0.90	553
load	MimicObservationChartevents.ndjson	500	0.90	553
load	MimicObservationChartevents.ndjson	500	0.89	564
load	MimicObservationChartevents.ndjson	500	0.92	542
load	MimicObservationChartevents.ndjson	500	0.92	546
load	MimicObservationChartevents.ndjson	500	0.89	559
load	MimicObservationChartevents.ndjson	500	0.95	526
load	MimicObservationChartevents.ndjson	500	0.93	539
load	MimicObservationChartevents.ndjson	500	0.82	606
load	MimicObservationChartevents.ndjson	500	0.62	812
load	MimicObservationChartevents.ndjson	500	0.84	598
load	MimicObservationChartevents.ndjson	500	0.94	530
load	MimicObservationChartevents.ndjson	500	0.90	557
load	MimicObservationChartevents.ndjson	500	0.90	558
load	MimicObservationChartevents.ndjson	500	0.91	551
load	MimicObservationChartevents.ndjson	500	0.90	553
load	MimicObservationChartevents.ndjson	500	0.93	538
load	MimicObservationChartevents.ndjson	500	0.88	566
load	MimicObservationChartevents.ndjson	500	0.93	537
load	MimicObservationChartevents.ndjson	500	0.93	538
load	MimicObservationChartevents.ndjson	500	0.89	565
load	MimicObservationChartevents.ndjson	500	0.93	541
load	MimicObservationChartevents.ndjson	500	0.90	555
load	MimicObservationChartevents.ndjson	500	0.87	575
load	MimicObservationChartevents.ndjson	500	0.91	548
load	MimicObservationChartevents.ndjson	500	0.94	533
load	MimicObservationChartevents.ndjson	500	0.90	555
load	MimicObservationChartevents.ndjson	500	0.85	589
load	MimicObservationChartevents.ndjson	500	0.68	732
load	MimicObservationChartevents.ndjson	500	0.90	556
load	MimicObservationChartevents.ndjson	500	0.97	517
load	MimicObservationChartevents.ndjson	500	0.89	564
load	MimicObservationChartevents.ndjson	500	0.96	520
load	MimicObservationChartevents.ndjson	500	0.94	529
load	MimicObservationChartevents.ndjson	500	0.92	543
load	MimicObservationChartevents.ndjson	500	0.93	540
load	MimicObservationChartevents.ndjson	500	0.94	531
load	MimicObservationChartevents.ndjson	500	0.69	725
load	MimicObservationChartevents.ndjson	500	0.82	606
load	MimicObservationChartevents.ndjson	500	0.93	536
load	MimicObservationChartevents.ndjson	500	0.91	548
load	MimicObservationChartevents.ndjson	500	0.93	538
load	MimicObservationChartevents.ndjson	500	0.87	573
load	MimicObservationChartevents.ndjson	500	0.93	536
load	MimicObservationChartevents.ndjson	500	0.90	559
load	MimicObservationChartevents.ndjson	500	0.78	639
load	MimicObservationChartevents.ndjson	500	0.70	716
load	MimicObservationChartevents.ndjson	500	0.88	571
load	MimicObservationChartevents.ndjson	500	0.92	541
load	MimicObservationChartevents.ndjson	500	0.90	558
load	MimicObservationChartevents.ndjson	500	0.98	509
load	MimicObservationChartevents.ndjson	500	0.94	531
load	MimicObservationChartevents.ndjson	500	0.91	548
load	MimicObservationChartevents.ndjson	500	0.90	555
load	MimicObservationChartevents.ndjson	500	0.84	592
load	MimicObservationChartevents.ndjson	500	0.66	760
load	MimicObservationChartevents.ndjson	500	0.92	545
load	MimicObservationChartevents.ndjson	500	0.77	650
load	MimicObservationChartevents.ndjson	500	0.70	712
load	MimicObservationChartevents.ndjson	500	0.90	556
load	MimicObservationChartevents.ndjson	500	0.91	547
load	MimicObservationChartevents.ndjson	500	0.87	574
load	MimicObservationChartevents.ndjson	500	0.90	554
load	MimicObservationChartevents.ndjson	500	0.92	543
load	MimicObservationChartevents.ndjson	500	0.93	537
load	MimicObservationChartevents.ndjson	500	0.91	552
load	MimicObservationChartevents.ndjson	500	0.90	555
load	MimicObservationChartevents.ndjson	500	0.90	556
load	MimicObservationChartevents.ndjson	500	0.94	531
load	MimicObservationChartevents.ndjson	500	0.92	543
load	MimicObservationChartevents.ndjson	500	0.90	554
load	MimicObservationChartevents.ndjson	500	0.92	545
load	MimicObservationChartevents.ndjson	500	0.91	548
load	MimicObservationChartevents.ndjson	500	0.91	549
load	MimicObservationChartevents.ndjson	500	0.94	529
load	MimicObservationChartevents.ndjson	500	0.66	761
load	MimicObservationChartevents.ndjson	500	0.80	623
load	MimicObservationChartevents.ndjson	500	0.91	552
load	MimicObservationChartevents.ndjson	500	0.97	514
load	MimicObservationChartevents.ndjson	500	0.90	559
load	MimicObservationChartevents.ndjson	500	0.95	526
load	MimicObservationChartevents.ndjson	500	0.91	547
load	MimicObservationChartevents.ndjson	500	0.91	548
load	MimicObservationChartevents.ndjson	500	0.94	530
load	MimicObservationChartevents.ndjson	500	0.91	551
load	MimicObservationChartevents.ndjson	500	0.94	534
load	MimicObservationChartevents.ndjson	500	0.92	542
load	MimicObservationChartevents.ndjson	500	0.97	516
load	MimicObservationChartevents.ndjson	500	0.88	570
load	MimicObservationChartevents.ndjson	500	0.92	543
load	MimicObservationChartevents.ndjson	500	0.88	568
load	MimicObservationChartevents.ndjson	500	0.93	540
load	MimicObservationChartevents.ndjson	500	0.88	568
load	MimicObservationChartevents.ndjson	500	0.91	547
load	MimicObservationChartevents.ndjson	500	0.77	648
load	MimicObservationChartevents.ndjson	500	0.73	684
load	MimicObservationChartevents.ndjson	500	0.91	548
load	MimicObservationChartevents.ndjson	500	0.93	536
load	MimicObservationChartevents.ndjson	500	0.92	546
load	MimicObservationChartevents.ndjson	500	0.87	577
load	MimicObservationChartevents.ndjson	500	0.68	740
load	MimicObservationChartevents.ndjson	500	0.91	548
load	MimicObservationChartevents.ndjson	500	0.90	559
load	MimicObservationChartevents.ndjson	500	0.95	526
load	MimicObservationChartevents.ndjson	500	0.93	539
load	MimicObservationChartevents.ndjson	500	0.95	525
load	MimicObservationChartevents.ndjson	500	0.91	551
load	MimicObservationChartevents.ndjson	500	0.92	542
load	MimicObservationChartevents.ndjson	500	0.91	550
load	MimicObservationChartevents.ndjson	500	0.91	552
load	MimicObservationChartevents.ndjson	500	0.92	545
load	MimicObservationChartevents.ndjson	500	0.95	527
load	MimicObservationChartevents.ndjson	500	0.91	552
load	MimicObservationChartevents.ndjson	500	0.90	557
load	MimicObservationChartevents.ndjson	500	0.93	538
load	MimicObservationChartevents.ndjson	500	1.01	493
load	MimicObservationChartevents.ndjson	500	1.07	469
load	MimicObservationChartevents.ndjson	500	1.09	457
load	MimicObservationChartevents.ndjson	500	1.05	474
load	MimicObservationChartevents.ndjson	500	1.01	497
load	MimicObservationChartevents.ndjson	500	1.07	467
load	MimicObservationChartevents.ndjson	500	1.05	478
load	MimicObservationChartevents.ndjson	500	1.05	475
load	MimicObservationChartevents.ndjson	500	1.02	491
load	MimicObservationChartevents.ndjson	500	1.02	490
load	MimicObservationChartevents.ndjson	500	1.10	455
load	MimicObservationChartevents.ndjson	500	1.03	485
load	MimicObservationChartevents.ndjson	500	0.95	528
load	MimicObservationChartevents.ndjson	500	0.68	733
load	MimicObservationChartevents.ndjson	500	0.69	719
load	MimicObservationChartevents.ndjson	500	0.63	791
load	MimicObservationChartevents.ndjson	500	0.63	799
load	MimicObservationChartevents.ndjson	500	0.63	796
load	MimicObservationChartevents.ndjson	500	0.66	756
load	MimicObservationChartevents.ndjson	500	0.63	791
load	MimicObservationChartevents.ndjson	500	0.65	765
load	MimicObservationChartevents.ndjson	500	0.60	826
load	MimicObservationChartevents.ndjson	500	0.60	826
load	MimicObservationChartevents.ndjson	500	0.61	814
load	MimicObservationChartevents.ndjson	500	0.64	787
load	MimicObservationChartevents.ndjson	500	0.60	832
load	MimicObservationChartevents.ndjson	500	0.65	767
load	MimicObservationChartevents.ndjson	500	0.63	799
load	MimicObservationChartevents.ndjson	500	0.59	852
load	MimicObservationChartevents.ndjson	500	0.68	732
load	MimicObservationChartevents.ndjson	500	0.60	826
load	MimicObservationChartevents.ndjson	500	0.63	791
load	MimicObservationChartevents.ndjson	500	0.67	746
load	MimicObservationChartevents.ndjson	500	0.63	794
load	MimicObservationChartevents.ndjson	500	0.63	795
load	MimicObservationChartevents.ndjson	500	0.62	812
load	MimicObservationChartevents.ndjson	500	0.64	781
load	MimicObservationChartevents.ndjson	500	0.60	832
load	MimicObservationChartevents.ndjson	500	0.71	701
load	MimicObservationChartevents.ndjson	500	0.61	813
load	MimicObservationChartevents.ndjson	500	0.64	787
load	MimicObservationChartevents.ndjson	500	0.69	730
load	MimicObservationChartevents.ndjson	500	0.62	809
load	MimicObservationChartevents.ndjson	500	0.62	805
load	MimicObservationChartevents.ndjson	500	0.67	750
load	MimicObservationChartevents.ndjson	500	0.65	772
load	MimicObservationChartevents.ndjson	500	0.59	842
load	MimicObservationChartevents.ndjson	500	0.61	816
load	MimicObservationChartevents.ndjson	500	0.63	797
load	MimicObservationChartevents.ndjson	500	0.66	761
load	MimicObservationChartevents.ndjson	500	0.61	824
load	MimicObservationChartevents.ndjson	500	0.60	829
load	MimicObservationChartevents.ndjson	500	0.65	765
load	MimicObservationChartevents.ndjson	500	0.66	763
load	MimicObservationChartevents.ndjson	500	0.61	818
load	MimicObservationChartevents.ndjson	500	0.64	784
load	MimicObservationChartevents.ndjson	500	0.59	840
load	MimicObservationChartevents.ndjson	500	0.63	791
load	MimicObservationChartevents.ndjson	500	0.57	870
load	MimicObservationChartevents.ndjson	500	0.60	826
load	MimicObservationChartevents.ndjson	500	0.60	828
load	MimicObservationChartevents.ndjson	500	0.65	766
load	MimicObservationChartevents.ndjson	500	0.64	776
load	MimicObservationChartevents.ndjson	500	0.62	808
load	MimicObservationChartevents.ndjson	500	0.68	733
load	MimicObservationChartevents.ndjson	500	0.61	825
load	MimicObservationChartevents.ndjson	500	0.66	760
load	MimicObservationChartevents.ndjson	500	0.69	729
load	MimicObservationChartevents.ndjson	500	0.62	809
load	MimicObservationChartevents.ndjson	500	0.67	745
load	MimicObservationChartevents.ndjson	500	0.89	562
load	MimicObservationChartevents.ndjson	500	0.92	542
load	MimicObservationChartevents.ndjson	500	0.87	575
load	MimicObservationChartevents.ndjson	500	0.93	536
load	MimicObservationChartevents.ndjson	500	0.91	552
load	MimicObservationChartevents.ndjson	500	0.94	534
load	MimicObservationChartevents.ndjson	500	0.95	529
load	MimicObservationChartevents.ndjson	500	0.91	547
load	MimicObservationChartevents.ndjson	500	0.88	566
load	MimicObservationChartevents.ndjson	500	0.93	536
load	MimicObservationChartevents.ndjson	500	0.90	557
load	MimicObservationChartevents.ndjson	500	0.89	563
load	MimicObservationChartevents.ndjson	500	0.64	778
load	MimicObservationChartevents.ndjson	500	0.83	602
load	MimicObservationChartevents.ndjson	500	0.89	559
load	MimicObservationChartevents.ndjson	500	0.91	547
load	MimicObservationChartevents.ndjson	500	0.88	568
load	MimicObservationChartevents.ndjson	500	0.90	557
load	MimicObservationChartevents.ndjson	500	0.90	555
load	MimicObservationChartevents.ndjson	500	0.89	563
load	MimicObservationChartevents.ndjson	500	0.94	530
load	MimicObservationChartevents.ndjson	500	0.89	564
load	MimicObservationChartevents.ndjson	500	0.96	519
load	MimicObservationChartevents.ndjson	500	0.92	543
load	MimicObservationChartevents.ndjson	500	0.94	530
load	MimicObservationChartevents.ndjson	500	0.93	540
load	MimicObservationChartevents.ndjson	500	0.93	541
load	MimicObservationChartevents.ndjson	500	0.88	567
load	MimicObservationChartevents.ndjson	500	0.69	720
load	MimicObservationChartevents.ndjson	500	0.74	678
load	MimicObservationChartevents.ndjson	500	0.94	530
load	MimicObservationChartevents.ndjson	500	0.93	539
load	MimicObservationChartevents.ndjson	500	0.92	546
load	MimicObservationChartevents.ndjson	500	0.92	543
load	MimicObservationChartevents.ndjson	500	0.82	607
load	MimicObservationChartevents.ndjson	500	0.74	678
load	MimicObservationChartevents.ndjson	500	0.91	550
load	MimicObservationChartevents.ndjson	500	0.92	542
load	MimicObservationChartevents.ndjson	500	0.92	541
load	MimicObservationChartevents.ndjson	500	0.94	529
load	MimicObservationChartevents.ndjson	500	0.97	514
load	MimicObservationChartevents.ndjson	500	0.91	550
load	MimicObservationChartevents.ndjson	500	0.92	542
load	MimicObservationChartevents.ndjson	500	0.81	620
load	MimicObservationChartevents.ndjson	500	0.71	705
load	MimicObservationChartevents.ndjson	500	0.94	532
load	MimicObservationChartevents.ndjson	500	0.76	657
load	MimicObservationChartevents.ndjson	500	0.74	671
load	MimicObservationChartevents.ndjson	500	0.96	523
load	MimicObservationChartevents.ndjson	500	0.68	732
load	MimicObservationChartevents.ndjson	500	0.81	620
load	MimicObservationChartevents.ndjson	500	0.93	538
load	MimicObservationChartevents.ndjson	500	0.90	554
load	MimicObservationChartevents.ndjson	500	0.91	551
load	MimicObservationChartevents.ndjson	500	0.94	532
load	MimicObservationChartevents.ndjson	500	0.90	559
load	MimicObservationChartevents.ndjson	500	0.87	573
load	MimicObservationChartevents.ndjson	500	0.94	532
load	MimicObservationChartevents.ndjson	500	0.93	541
load	MimicObservationChartevents.ndjson	500	0.92	545
load	MimicObservationChartevents.ndjson	500	0.94	533
load	MimicObservationChartevents.ndjson	500	0.91	548
load	MimicObservationChartevents.ndjson	500	0.94	531
load	MimicObservationChartevents.ndjson	500	0.95	528
load	MimicObservationChartevents.ndjson	500	0.91	552
load	MimicObservationChartevents.ndjson	500	0.68	735
load	MimicObservationChartevents.ndjson	500	0.93	536
load	MimicObservationChartevents.ndjson	500	0.94	535
load	MimicObservationChartevents.ndjson	500	0.95	525
load	MimicObservationChartevents.ndjson	500	0.93	538
load	MimicObservationChartevents.ndjson	500	0.95	527
load	MimicObservationChartevents.ndjson	500	0.92	541
load	MimicObservationChartevents.ndjson	500	0.92	543
load	MimicObservationChartevents.ndjson	500	0.91	548
load	MimicObservationChartevents.ndjson	500	1.00	501
load	MimicObservationChartevents.ndjson	500	0.96	521
load	MimicObservationChartevents.ndjson	500	0.73	685
load	MimicObservationChartevents.ndjson	500	0.76	657
load	MimicObservationChartevents.ndjson	500	0.98	510
load	MimicObservationChartevents.ndjson	500	0.96	520
load	MimicObservationChartevents.ndjson	500	0.93	538
load	MimicObservationChartevents.ndjson	500	0.94	529
load	MimicObservationChartevents.ndjson	500	0.98	509
load	MimicObservationChartevents.ndjson	500	0.89	565
load	MimicObservationChartevents.ndjson	500	0.90	559
load	MimicObservationChartevents.ndjson	500	0.88	568
load	MimicObservationChartevents.ndjson	500	0.70	715
load	MimicObservationChartevents.ndjson	500	0.90	559
load	MimicObservationChartevents.ndjson	500	0.94	535
load	MimicObservationChartevents.ndjson	500	0.88	566
load	MimicObservationChartevents.ndjson	500	0.88	569
load	MimicObservationChartevents.ndjson	500	0.92	543
load	MimicObservationChartevents.ndjson	500	0.93	538
load	MimicObservationChartevents.ndjson	500	0.91	551
load	MimicObservationChartevents.ndjson	500	0.91	550
load	MimicObservationChartevents.ndjson	500	0.90	558
load	MimicObservationChartevents.ndjson	500	0.91	552
load	MimicObservationChartevents.ndjson	500	0.97	514
load	MimicObservationChartevents.ndjson	500	0.90	554
load	MimicObservationChartevents.ndjson	500	0.92	546
load	MimicObservationChartevents.ndjson	500	0.91	550
load	MimicObservationChartevents.ndjson	500	0.93	541
load	MimicObservationChartevents.ndjson	500	0.93	536
load	MimicObservationChartevents.ndjson	500	0.93	535
load	MimicObservationChartevents.ndjson	500	0.96	520
load	MimicObservationChartevents.ndjson	500	0.90	553
load	MimicObservationChartevents.ndjson	500	0.93	540
load	MimicObservationChartevents.ndjson	500	0.91	551
load	MimicObservationChartevents.ndjson	500	0.96	520
load	MimicObservationChartevents.ndjson	500	0.92	541
load	MimicObservationChartevents.ndjson	500	0.83	600
load	MimicObservationChartevents.ndjson	500	0.63	792
load	MimicObservationChartevents.ndjson	500	0.63	796
load	MimicObservationChartevents.ndjson	500	0.62	808
load	MimicObservationChartevents.ndjson	500	0.64	784
load	MimicObservationChartevents.ndjson	500	0.62	805
load	MimicObservationChartevents.ndjson	500	0.69	725
load	MimicObservationChartevents.ndjson	500	0.62	809
load	MimicObservationChartevents.ndjson	500	0.61	813
load	MimicObservationChartevents.ndjson	500	0.69	728
load	MimicObservationChartevents.ndjson	500	0.59	840
load	MimicObservationChartevents.ndjson	500	0.61	821
load	MimicObservationChartevents.ndjson	500	0.61	814
load	MimicObservationChartevents.ndjson	500	0.62	809
load	MimicObservationChartevents.ndjson	500	0.60	828
load	MimicObservationChartevents.ndjson	500	0.68	737
load	MimicObservationChartevents.ndjson	500	0.60	835
load	MimicObservationChartevents.ndjson	500	0.65	775
load	MimicObservationChartevents.ndjson	500	0.69	724
load	MimicObservationChartevents.ndjson	500	0.60	832
load	MimicObservationChartevents.ndjson	500	0.63	800
load	MimicObservationChartevents.ndjson	500	0.67	752
load	MimicObservationChartevents.ndjson	500	0.62	808
load	MimicObservationChartevents.ndjson	500	0.66	762
load	MimicObservationChartevents.ndjson	500	0.67	751
load	MimicObservationChartevents.ndjson	500	0.62	810
load	MimicObservationChartevents.ndjson	500	0.70	715
load	MimicObservationChartevents.ndjson	500	0.63	796
load	MimicObservationChartevents.ndjson	500	0.65	766
load	MimicObservationChartevents.ndjson	500	0.66	754
load	MimicObservationChartevents.ndjson	500	0.62	806
load	MimicObservationChartevents.ndjson	500	0.65	765
load	MimicObservationChartevents.ndjson	500	0.71	705
load	MimicObservationChartevents.ndjson	500	0.62	808
load	MimicObservationChartevents.ndjson	500	0.67	745
load	MimicObservationChartevents.ndjson	500	0.94	535
load	MimicObservationChartevents.ndjson	500	0.98	511
load	MimicObservationChartevents.ndjson	500	0.94	530
load	MimicObservationChartevents.ndjson	500	0.94	532
load	MimicObservationChartevents.ndjson	500	0.93	539
load	MimicObservationChartevents.ndjson	500	0.97	514
load	MimicObservationChartevents.ndjson	500	0.91	548
load	MimicObservationChartevents.ndjson	500	0.93	540
load	MimicObservationChartevents.ndjson	500	0.91	549
load	MimicObservationChartevents.ndjson	500	0.92	546
load	MimicObservationChartevents.ndjson	500	0.92	546
load	MimicObservationChartevents.ndjson	500	0.94	532
load	MimicObservationChartevents.ndjson	500	0.98	508
load	MimicObservationChartevents.ndjson	500	0.98	510
load	MimicObservationChartevents.ndjson	500	0.93	540
load	MimicObservationChartevents.ndjson	500	0.92	546
load	MimicObservationChartevents.ndjson	500	0.96	522
load	MimicObservationChartevents.ndjson	500	0.97	517
load	MimicObservationChartevents.ndjson	500	0.97	513
load	MimicObservationChartevents.ndjson	500	0.94	533
load	MimicObservationChartevents.ndjson	500	0.90	557
load	MimicObservationChartevents.ndjson	500	0.93	538
load	MimicObservationChartevents.ndjson	500	0.74	675
load	MimicObservationChartevents.ndjson	500	0.69	725
load	MimicObservationChartevents.ndjson	500	0.97	513
load	MimicObservationChartevents.ndjson	500	0.91	548
load	MimicObservationChartevents.ndjson	500	0.93	539
load	MimicObservationChartevents.ndjson	500	0.91	548
load	MimicObservationChartevents.ndjson	500	0.96	523
load	MimicObservationChartevents.ndjson	500	0.88	569
load	MimicObservationChartevents.ndjson	500	0.93	535
load	MimicObservationChartevents.ndjson	500	0.93	539
load	MimicObservationChartevents.ndjson	500	0.78	639
load	MimicObservationChartevents.ndjson	500	0.71	700
load	MimicObservationChartevents.ndjson	500	0.94	531
load	MimicObservationChartevents.ndjson	500	0.94	531
load	MimicObservationChartevents.ndjson	500	0.89	561
load	MimicObservationChartevents.ndjson	500	0.94	532
load	MimicObservationChartevents.ndjson	500	0.89	564
load	MimicObservationChartevents.ndjson	500	0.93	538
load	MimicObservationChartevents.ndjson	500	0.92	543
load	MimicObservationChartevents.ndjson	500	0.91	547
load	MimicObservationChartevents.ndjson	500	0.96	520
load	MimicObservationChartevents.ndjson	500	0.90	557
load	MimicObservationChartevents.ndjson	500	0.93	536
load	MimicObservationChartevents.ndjson	500	0.90	554
load	MimicObservationChartevents.ndjson	500	0.77	646
load	MimicObservationChartevents.ndjson	500	0.74	679
load	MimicObservationChartevents.ndjson	500	0.93	539
load	MimicObservationChartevents.ndjson	500	0.94	534
load	MimicObservationChartevents.ndjson	500	0.92	544
load	MimicObservationChartevents.ndjson	500	0.93	539
load	MimicObservationChartevents.ndjson	500	0.92	544
load	MimicObservationChartevents.ndjson	500	0.94	532
load	MimicObservationChartevents.ndjson	500	0.80	623
load	MimicObservationChartevents.ndjson	500	0.73	685
load	MimicObservationChartevents.ndjson	500	0.89	564
load	MimicObservationChartevents.ndjson	500	0.86	582
load	MimicObservationChartevents.ndjson	500	0.69	725
load	MimicObservationChartevents.ndjson	500	0.92	543
load	MimicObservationChartevents.ndjson	500	0.66	753
load	MimicObservationChartevents.ndjson	500	0.83	605
load	MimicObservationChartevents.ndjson	500	0.93	541
load	MimicObservationChartevents.ndjson	500	0.91	548
load	MimicObservationChartevents.ndjson	500	0.93	537
load	MimicObservationChartevents.ndjson	500	0.89	559
load	MimicObservationChartevents.ndjson	500	0.98	510
load	MimicObservationChartevents.ndjson	500	0.97	517
load	MimicObservationChartevents.ndjson	500	0.94	535
load	MimicObservationChartevents.ndjson	500	0.97	514
load	MimicObservationChartevents.ndjson	500	0.94	534
load	MimicObservationChartevents.ndjson	500	0.89	561
load	MimicObservationChartevents.ndjson	500	0.81	617
load	MimicObservationChartevents.ndjson	500	0.80	628
load	MimicObservationChartevents.ndjson	500	0.82	611
load	MimicObservationChartevents.ndjson	500	0.69	723
load	MimicObservationChartevents.ndjson	500	0.91	548
load	MimicObservationChartevents.ndjson	500	0.94	535
load	MimicObservationChartevents.ndjson	500	0.79	631
load	MimicObservationChartevents.ndjson	500	0.72	691
load	MimicObservationChartevents.ndjson	500	0.92	545
load	MimicObservationChartevents.ndjson	500	0.95	526
load	MimicObservationChartevents.ndjson	500	0.95	524
load	MimicObservationChartevents.ndjson	500	0.93	540
load	MimicObservationChartevents.ndjson	500	0.92	543
load	MimicObservationChartevents.ndjson	500	0.86	583
load	MimicObservationChartevents.ndjson	500	0.98	510
load	MimicObservationChartevents.ndjson	500	0.90	556
load	MimicObservationChartevents.ndjson	500	0.89	559
load	MimicObservationChartevents.ndjson	500	0.95	527
load	MimicObservationChartevents.ndjson	500	0.94	533
load	MimicObservationChartevents.ndjson	500	0.94	534
load	MimicObservationChartevents.ndjson	500	0.78	641
load	MimicObservationChartevents.ndjson	500	0.61	816
load	MimicObservationChartevents.ndjson	500	0.64	786
load	MimicObservationChartevents.ndjson	500	0.66	755
load	MimicObservationChartevents.ndjson	500	0.63	799
load	MimicObservationChartevents.ndjson	500	0.65	769
load	MimicObservationChartevents.ndjson	500	0.72	693
load	MimicObservationChartevents.ndjson	500	0.65	767
load	MimicObservationChartevents.ndjson	500	0.64	781
load	MimicObservationChartevents.ndjson	500	0.70	710
load	MimicObservationChartevents.ndjson	500	0.67	749
load	MimicObservationChartevents.ndjson	500	0.60	833
load	MimicObservationChartevents.ndjson	500	0.61	818
load	MimicObservationChartevents.ndjson	500	0.63	792
load	MimicObservationChartevents.ndjson	500	0.65	768
load	MimicObservationChartevents.ndjson	500	0.62	812
load	MimicObservationChartevents.ndjson	500	0.61	814
load	MimicObservationChartevents.ndjson	500	0.68	739
load	MimicObservationChartevents.ndjson	500	0.63	790
load	MimicObservationChartevents.ndjson	500	0.63	789
load	MimicObservationChartevents.ndjson	500	0.68	737
load	MimicObservationChartevents.ndjson	500	0.63	797
load	MimicObservationChartevents.ndjson	500	0.61	820
load	MimicObservationChartevents.ndjson	500	0.60	833
load	MimicObservationChartevents.ndjson	500	0.62	808
load	MimicObservationChartevents.ndjson	500	0.61	822
load	MimicObservationChartevents.ndjson	500	0.73	682
load	MimicObservationChartevents.ndjson	500	0.61	822
load	MimicObservationChartevents.ndjson	500	0.63	800
load	MimicObservationChartevents.ndjson	500	0.63	797
load	MimicObservationChartevents.ndjson	500	0.62	801
load	MimicObservationChartevents.ndjson	500	0.58	858
load	MimicObservationChartevents.ndjson	500	0.67	744
load	MimicObservationChartevents.ndjson	500	0.58	855
load	MimicObservationChartevents.ndjson	500	0.63	797
load	MimicObservationChartevents.ndjson	500	0.59	852
load	MimicObservationChartevents.ndjson	500	0.63	797
load	MimicObservationChartevents.ndjson	500	0.64	787
load	MimicObservationChartevents.ndjson	500	0.61	817
load	MimicObservationChartevents.ndjson	500	0.61	814
load	MimicObservationChartevents.ndjson	500	0.65	775
load	MimicObservationChartevents.ndjson	500	0.65	772
load	MimicObservationChartevents.ndjson	500	0.60	835
load	MimicObservationChartevents.ndjson	500	0.64	782
load	MimicObservationChartevents.ndjson	500	0.62	805
load	MimicObservationChartevents.ndjson	500	0.58	864
load	MimicObservationChartevents.ndjson	500	0.75	668
load	MimicObservationChartevents.ndjson	500	0.90	557
load	MimicObservationChartevents.ndjson	500	0.93	541
load	MimicObservationChartevents.ndjson	500	0.99	504
load	MimicObservationChartevents.ndjson	500	0.92	546
load	MimicObservationChartevents.ndjson	500	0.94	530
load	MimicObservationChartevents.ndjson	500	0.93	540
load	MimicObservationChartevents.ndjson	500	0.94	534
load	MimicObservationChartevents.ndjson	500	0.94	534
load	MimicObservationChartevents.ndjson	500	0.92	543
load	MimicObservationChartevents.ndjson	500	0.95	524
load	MimicObservationChartevents.ndjson	500	0.94	532
load	MimicObservationChartevents.ndjson	500	0.91	548
load	MimicObservationChartevents.ndjson	500	0.90	554
load	MimicObservationChartevents.ndjson	500	0.91	549
load	MimicObservationChartevents.ndjson	500	0.90	557
load	MimicObservationChartevents.ndjson	500	0.93	536
load	MimicObservationChartevents.ndjson	500	0.93	538
load	MimicObservationChartevents.ndjson	500	0.89	561
load	MimicObservationChartevents.ndjson	500	0.90	557
load	MimicObservationChartevents.ndjson	500	0.89	561
load	MimicObservationChartevents.ndjson	500	0.94	533
load	MimicObservationChartevents.ndjson	500	0.96	518
load	MimicObservationChartevents.ndjson	500	0.92	545
load	MimicObservationChartevents.ndjson	500	0.90	553
load	MimicObservationChartevents.ndjson	500	0.93	536
load	MimicObservationChartevents.ndjson	500	0.67	744
load	MimicObservationChartevents.ndjson	500	0.71	704
load	MimicObservationChartevents.ndjson	500	0.91	552
load	MimicObservationChartevents.ndjson	500	0.95	526
load	MimicObservationChartevents.ndjson	500	0.89	564
load	MimicObservationChartevents.ndjson	500	0.95	525
load	MimicObservationChartevents.ndjson	500	0.96	519
load	MimicObservationChartevents.ndjson	500	0.93	536
load	MimicObservationChartevents.ndjson	500	0.93	541
load	MimicObservationChartevents.ndjson	500	0.96	521
load	MimicObservationChartevents.ndjson	500	0.93	537
load	MimicObservationChartevents.ndjson	500	0.94	534
load	MimicObservationChartevents.ndjson	500	0.93	537
load	MimicObservationChartevents.ndjson	500	0.92	546
load	MimicObservationChartevents.ndjson	500	0.94	533
load	MimicObservationChartevents.ndjson	500	0.98	512
load	MimicObservationChartevents.ndjson	500	0.91	552
load	MimicObservationChartevents.ndjson	500	0.95	526
load	MimicObservationChartevents.ndjson	500	0.94	535
load	MimicObservationChartevents.ndjson	500	0.90	555
load	MimicObservationChartevents.ndjson	500	0.92	541
load	MimicObservationChartevents.ndjson	500	0.97	513
load	MimicObservationChartevents.ndjson	500	1.00	500
load	MimicObservationChartevents.ndjson	500	0.93	535
load	MimicObservationChartevents.ndjson	500	0.90	554
load	MimicObservationChartevents.ndjson	500	0.95	526
load	MimicObservationChartevents.ndjson	500	0.94	530
load	MimicObservationChartevents.ndjson	500	0.94	533
load	MimicObservationChartevents.ndjson	500	0.92	541
load	MimicObservationChartevents.ndjson	500	0.94	532
load	MimicObservationChartevents.ndjson	500	0.92	542
load	MimicObservationChartevents.ndjson	500	0.89	564
load	MimicObservationChartevents.ndjson	500	0.94	534
load	MimicObservationChartevents.ndjson	500	0.91	552
load	MimicObservationChartevents.ndjson	500	0.99	506
load	MimicObservationChartevents.ndjson	500	0.92	545
load	MimicObservationChartevents.ndjson	500	0.92	546
load	MimicObservationChartevents.ndjson	500	0.90	557
load	MimicObservationChartevents.ndjson	500	0.93	539
load	MimicObservationChartevents.ndjson	500	0.93	541
load	MimicObservationChartevents.ndjson	500	0.92	546
load	MimicObservationChartevents.ndjson	500	0.88	566
load	MimicObservationChartevents.ndjson	500	0.97	517
load	MimicObservationChartevents.ndjson	500	0.84	595
load	MimicObservationChartevents.ndjson	500	0.66	756
load	MimicObservationChartevents.ndjson	500	0.88	566
load	MimicObservationChartevents.ndjson	500	0.88	566
load	MimicObservationChartevents.ndjson	500	0.90	554
load	MimicObservationChartevents.ndjson	500	0.96	518
load	MimicObservationChartevents.ndjson	500	0.93	536
load	MimicObservationChartevents.ndjson	500	0.95	529
load	MimicObservationChartevents.ndjson	500	0.92	545
load	MimicObservationChartevents.ndjson	500	0.86	582
load	MimicObservationChartevents.ndjson	500	0.66	753
load	MimicObservationChartevents.ndjson	500	0.92	545
load	MimicObservationChartevents.ndjson	500	0.92	544
load	MimicObservationChartevents.ndjson	500	0.97	515
load	MimicObservationChartevents.ndjson	500	0.96	520
load	MimicObservationChartevents.ndjson	500	0.95	525
load	MimicObservationChartevents.ndjson	500	0.94	534
load	MimicObservationChartevents.ndjson	500	0.88	569
load	MimicObservationChartevents.ndjson	500	0.93	537
load	MimicObservationChartevents.ndjson	500	0.98	511
load	MimicObservationChartevents.ndjson	500	0.87	572
load	MimicObservationChartevents.ndjson	500	0.91	549
load	MimicObservationChartevents.ndjson	500	0.97	517
load	MimicObservationChartevents.ndjson	500	0.94	534
load	MimicObservationChartevents.ndjson	500	0.96	519
load	MimicObservationChartevents.ndjson	500	0.92	546
load	MimicObservationChartevents.ndjson	500	0.96	519
load	MimicObservationChartevents.ndjson	500	0.95	528
load	MimicObservationChartevents.ndjson	500	0.92	544
load	MimicObservationChartevents.ndjson	500	0.96	519
load	MimicObservationChartevents.ndjson	500	0.91	551
load	MimicObservationChartevents.ndjson	500	0.93	540
load	MimicObservationChartevents.ndjson	500	0.90	556
load	MimicObservationChartevents.ndjson	500	0.95	526
load	MimicObservationChartevents.ndjson	500	0.90	554
load	MimicObservationChartevents.ndjson	500	0.96	521
load	MimicObservationChartevents.ndjson	500	0.89	559
load	MimicObservationChartevents.ndjson	500	0.93	538
load	MimicObservationChartevents.ndjson	500	0.65	767
load	MimicObservationChartevents.ndjson	500	0.80	623
load	MimicObservationChartevents.ndjson	500	0.97	514
load	MimicObservationChartevents.ndjson	500	0.94	532
load	MimicObservationChartevents.ndjson	500	0.90	554
load	MimicObservationChartevents.ndjson	500	0.96	522
load	MimicObservationChartevents.ndjson	500	0.92	545
load	MimicObservationChartevents.ndjson	500	0.94	532
load	MimicObservationChartevents.ndjson	500	0.91	548
load	MimicObservationChartevents.ndjson	500	0.94	534
load	MimicObservationChartevents.ndjson	500	0.66	755
load	MimicObservationChartevents.ndjson	500	0.84	592
load	MimicObservationChartevents.ndjson	500	0.76	654
load	MimicObservationChartevents.ndjson	500	0.75	668
load	MimicObservationChartevents.ndjson	500	0.94	533
load	MimicObservationChartevents.ndjson	500	0.93	540
load	MimicObservationChartevents.ndjson	500	0.93	536
load	MimicObservationChartevents.ndjson	500	0.95	527
load	MimicObservationChartevents.ndjson	500	0.94	529
load	MimicObservationChartevents.ndjson	500	0.91	552
load	MimicObservationChartevents.ndjson	500	0.92	543
load	MimicObservationChartevents.ndjson	500	0.90	555
load	MimicObservationChartevents.ndjson	500	0.92	541
load	MimicObservationChartevents.ndjson	500	0.94	532
load	MimicObservationChartevents.ndjson	500	0.91	552
load	MimicObservationChartevents.ndjson	500	0.91	549
load	MimicObservationChartevents.ndjson	500	0.94	531
load	MimicObservationChartevents.ndjson	500	0.92	545
load	MimicObservationChartevents.ndjson	500	0.91	548
load	MimicObservationChartevents.ndjson	500	0.90	554
load	MimicObservationChartevents.ndjson	500	0.90	558
load	MimicObservationChartevents.ndjson	500	0.94	531
load	MimicObservationChartevents.ndjson	500	0.94	532
load	MimicObservationChartevents.ndjson	500	0.93	541
load	MimicObservationChartevents.ndjson	500	0.88	566
load	MimicObservationChartevents.ndjson	500	0.72	695
load	MimicObservationChartevents.ndjson	500	0.79	636
load	MimicObservationChartevents.ndjson	500	0.88	567
load	MimicObservationChartevents.ndjson	500	0.92	541
load	MimicObservationChartevents.ndjson	500	0.93	538
load	MimicObservationChartevents.ndjson	500	0.90	557
load	MimicObservationChartevents.ndjson	500	1.01	495
load	MimicObservationChartevents.ndjson	500	0.93	540
load	MimicObservationChartevents.ndjson	500	0.91	548
load	MimicObservationChartevents.ndjson	500	0.66	756
load	MimicObservationChartevents.ndjson	500	0.82	611
load	MimicObservationChartevents.ndjson	500	0.96	522
load	MimicObservationChartevents.ndjson	500	0.89	561
load	MimicObservationChartevents.ndjson	500	0.94	533
load	MimicObservationChartevents.ndjson	500	0.95	527
load	MimicObservationChartevents.ndjson	500	0.97	513
load	MimicObservationChartevents.ndjson	500	0.91	549
load	MimicObservationChartevents.ndjson	500	0.98	509
load	MimicObservationChartevents.ndjson	500	0.87	577
load	MimicObservationChartevents.ndjson	500	0.67	750
load	MimicObservationChartevents.ndjson	500	0.88	566
load	MimicObservationChartevents.ndjson	500	0.92	542
load	MimicObservationChartevents.ndjson	500	0.93	540
load	MimicObservationChartevents.ndjson	500	0.92	541
load	MimicObservationChartevents.ndjson	500	0.99	504
load	MimicObservationChartevents.ndjson	500	1.01	497
load	MimicObservationChartevents.ndjson	500	0.93	536
load	MimicObservationChartevents.ndjson	500	0.98	508
load	MimicObservationChartevents.ndjson	500	0.93	536
load	MimicObservationChartevents.ndjson	500	0.91	549
load	MimicObservationChartevents.ndjson	500	0.94	534
load	MimicObservationChartevents.ndjson	500	0.94	531
load	MimicObservationChartevents.ndjson	500	0.94	535
load	MimicObservationChartevents.ndjson	500	0.92	546
load	MimicObservationChartevents.ndjson	500	0.94	533
load	MimicObservationChartevents.ndjson	500	0.94	531
load	MimicObservationChartevents.ndjson	500	0.93	537
load	MimicObservationChartevents.ndjson	500	0.94	534
load	MimicObservationChartevents.ndjson	500	0.94	533
load	MimicObservationChartevents.ndjson	500	0.92	542
load	MimicObservationChartevents.ndjson	500	0.97	517
load	MimicObservationChartevents.ndjson	500	0.91	548
load	MimicObservationChartevents.ndjson	500	0.94	532
load	MimicObservationChartevents.ndjson	500	0.94	529
load	MimicObservationChartevents.ndjson	500	0.92	543
load	MimicObservationChartevents.ndjson	500	0.93	538
load	MimicObservationChartevents.ndjson	500	0.68	734
load	MimicObservationChartevents.ndjson	500	0.62	805
load	MimicObservationChartevents.ndjson	500	0.62	809
load	MimicObservationChartevents.ndjson	500	0.73	687
load	MimicObservationChartevents.ndjson	500	0.61	822
load	MimicObservationChartevents.ndjson	500	0.64	781
load	MimicObservationChartevents.ndjson	500	0.69	726
load	MimicObservationChartevents.ndjson	500	0.62	808
load	MimicObservationChartevents.ndjson	500	0.63	792
load	MimicObservationChartevents.ndjson	500	0.63	794
load	MimicObservationChartevents.ndjson	500	0.64	784
load	MimicObservationChartevents.ndjson	500	0.61	824
load	MimicObservationChartevents.ndjson	500	0.61	817
load	MimicObservationChartevents.ndjson	500	0.63	796
load	MimicObservationChartevents.ndjson	500	0.67	751
load	MimicObservationChartevents.ndjson	500	0.64	782
load	MimicObservationChartevents.ndjson	500	0.62	809
load	MimicObservationChartevents.ndjson	500	0.68	732
load	MimicObservationChartevents.ndjson	500	0.68	739
load	MimicObservationChartevents.ndjson	500	0.64	786
load	MimicObservationChartevents.ndjson	500	0.71	702
load	MimicObservationChartevents.ndjson	500	0.64	776
load	MimicObservationChartevents.ndjson	500	0.64	782
load	MimicObservationChartevents.ndjson	500	0.62	808
load	MimicObservationChartevents.ndjson	500	0.62	808
load	MimicObservationChartevents.ndjson	500	0.72	690
load	MimicObservationChartevents.ndjson	500	0.61	814
load	MimicObservationChartevents.ndjson	500	0.64	784
load	MimicObservationChartevents.ndjson	500	0.65	768
load	MimicObservationChartevents.ndjson	500	0.62	812
load	MimicObservationChartevents.ndjson	500	0.62	801
load	MimicObservationChartevents.ndjson	500	0.67	744
load	MimicObservationChartevents.ndjson	500	0.64	776
load	MimicObservationChartevents.ndjson	500	0.61	817
load	MimicObservationChartevents.ndjson	500	0.62	812
load	MimicObservationChartevents.ndjson	500	0.63	796
load	MimicObservationChartevents.ndjson	500	0.63	789
load	MimicObservationChartevents.ndjson	500	0.68	733
load	MimicObservationChartevents.ndjson	500	0.61	813
load	MimicObservationChartevents.ndjson	500	0.64	781
load	MimicObservationChartevents.ndjson	500	0.69	723
load	MimicObservationChartevents.ndjson	500	0.64	781
load	MimicObservationChartevents.ndjson	500	0.61	820
load	MimicObservationChartevents.ndjson	500	0.68	739
load	MimicObservationChartevents.ndjson	500	0.63	797
load	MimicObservationChartevents.ndjson	500	0.71	703
load	MimicObservationChartevents.ndjson	500	0.91	551
load	MimicObservationChartevents.ndjson	500	0.90	556
load	MimicObservationChartevents.ndjson	500	0.96	518
load	MimicObservationChartevents.ndjson	500	0.92	543
load	MimicObservationChartevents.ndjson	500	0.93	540
load	MimicObservationChartevents.ndjson	500	0.90	557
load	MimicObservationChartevents.ndjson	500	0.92	542
load	MimicObservationChartevents.ndjson	500	0.91	549
load	MimicObservationChartevents.ndjson	500	0.94	530
load	MimicObservationChartevents.ndjson	500	0.90	556
load	MimicObservationChartevents.ndjson	500	0.96	520
load	MimicObservationChartevents.ndjson	500	0.90	556
load	MimicObservationChartevents.ndjson	500	0.96	520
load	MimicObservationChartevents.ndjson	500	0.90	556
load	MimicObservationChartevents.ndjson	500	0.96	519
load	MimicObservationChartevents.ndjson	500	0.93	535
load	MimicObservationChartevents.ndjson	500	0.98	510
load	MimicObservationChartevents.ndjson	500	0.95	525
load	MimicObservationChartevents.ndjson	500	0.94	534
load	MimicObservationChartevents.ndjson	500	0.94	532
load	MimicObservationChartevents.ndjson	500	0.93	535
load	MimicObservationChartevents.ndjson	500	0.93	536
load	MimicObservationChartevents.ndjson	500	0.96	523
load	MimicObservationChartevents.ndjson	500	0.93	536
load	MimicObservationChartevents.ndjson	500	0.96	518
load	MimicObservationChartevents.ndjson	500	0.98	511
load	MimicObservationChartevents.ndjson	500	0.93	538
load	MimicObservationChartevents.ndjson	500	0.95	525
load	MimicObservationChartevents.ndjson	500	0.92	541
load	MimicObservationChartevents.ndjson	500	0.87	573
load	MimicObservationChartevents.ndjson	500	0.65	767
load	MimicObservationChartevents.ndjson	500	0.88	567
load	MimicObservationChartevents.ndjson	500	0.95	524
load	MimicObservationChartevents.ndjson	500	0.90	557
load	MimicObservationChartevents.ndjson	500	0.94	530
load	MimicObservationChartevents.ndjson	500	0.90	555
load	MimicObservationChartevents.ndjson	500	0.94	529
load	MimicObservationChartevents.ndjson	500	0.93	537
load	MimicObservationChartevents.ndjson	500	0.94	532
load	MimicObservationChartevents.ndjson	500	0.95	524
load	MimicObservationChartevents.ndjson	500	0.93	541
load	MimicObservationChartevents.ndjson	500	0.99	507
load	MimicObservationChartevents.ndjson	500	0.97	515
load	MimicObservationChartevents.ndjson	500	0.93	535
load	MimicObservationChartevents.ndjson	500	0.95	527
load	MimicObservationChartevents.ndjson	500	0.94	532
load	MimicObservationChartevents.ndjson	500	0.96	519
load	MimicObservationChartevents.ndjson	500	0.98	508
load	MimicObservationChartevents.ndjson	500	0.87	577
load	MimicObservationChartevents.ndjson	500	0.65	769
load	MimicObservationChartevents.ndjson	500	0.92	546
load	MimicObservationChartevents.ndjson	500	0.95	524
load	MimicObservationChartevents.ndjson	500	0.94	533
load	MimicObservationChartevents.ndjson	500	0.99	506
load	MimicObservationChartevents.ndjson	500	0.93	538
load	MimicObservationChartevents.ndjson	500	0.98	511
load	MimicObservationChartevents.ndjson	500	0.90	556
load	MimicObservationChartevents.ndjson	500	0.94	530
load	MimicObservationChartevents.ndjson	500	0.69	723
load	MimicObservationChartevents.ndjson	500	0.96	522
load	MimicObservationChartevents.ndjson	500	0.94	530
load	MimicObservationChartevents.ndjson	500	0.97	514
load	MimicObservationChartevents.ndjson	500	0.92	543
load	MimicObservationChartevents.ndjson	500	0.94	529
load	MimicObservationChartevents.ndjson	500	0.75	665
load	MimicObservationChartevents.ndjson	500	0.77	652
load	MimicObservationChartevents.ndjson	500	0.94	533
load	MimicObservationChartevents.ndjson	500	0.98	511
load	MimicObservationChartevents.ndjson	500	0.94	533
load	MimicObservationChartevents.ndjson	500	0.85	586
load	MimicObservationChartevents.ndjson	500	0.70	713
load	MimicObservationChartevents.ndjson	500	0.90	554
load	MimicObservationChartevents.ndjson	500	0.66	754
load	MimicObservationChartevents.ndjson	500	1.00	499
load	MimicObservationChartevents.ndjson	500	0.95	527
load	MimicObservationChartevents.ndjson	500	0.97	514
load	MimicObservationChartevents.ndjson	500	0.94	531
load	MimicObservationChartevents.ndjson	500	0.97	513
load	MimicObservationChartevents.ndjson	500	0.93	539
load	MimicObservationChartevents.ndjson	500	1.00	498
load	MimicObservationChartevents.ndjson	500	0.94	531
load	MimicObservationChartevents.ndjson	500	0.94	531
load	MimicObservationChartevents.ndjson	500	0.93	540
load	MimicObservationChartevents.ndjson	500	0.87	576
load	MimicObservationChartevents.ndjson	500	0.65	768
load	MimicObservationChartevents.ndjson	500	0.91	549
load	MimicObservationChartevents.ndjson	500	0.95	526
load	MimicObservationChartevents.ndjson	500	0.95	525
load	MimicObservationChartevents.ndjson	500	0.93	536
load	MimicObservationChartevents.ndjson	500	0.93	535
load	MimicObservationChartevents.ndjson	500	0.96	521
load	MimicObservationChartevents.ndjson	500	0.93	539
load	MimicObservationChartevents.ndjson	500	0.91	551
load	MimicObservationChartevents.ndjson	500	0.65	774
load	MimicObservationChartevents.ndjson	500	0.88	571
load	MimicObservationChartevents.ndjson	500	0.89	564
load	MimicObservationChartevents.ndjson	500	0.91	548
load	MimicObservationChartevents.ndjson	500	0.91	551
load	MimicObservationChartevents.ndjson	500	0.98	510
load	MimicObservationChartevents.ndjson	500	0.91	549
load	MimicObservationChartevents.ndjson	500	1.01	496
load	MimicObservationChartevents.ndjson	500	0.91	551
load	MimicObservationChartevents.ndjson	500	0.95	524
load	MimicObservationChartevents.ndjson	362	0.69	521
file	MimicObservationChartevents.ndjson	668862	1141.02	586
total-load	all files	928935	1486.14	625
count-refresh	13 types	928935	0.12	7677149
search	Observation?status=final (page of 20)	20	2.02	10
db-size-mb				5922.7
