load MimicOrganization.ndjson: 1 in 1.37s (1/s)
file MimicOrganization.ndjson: 1 in 1.50s (1/s)
load MimicLocation.ndjson: 31 in 0.12s (261/s)
file MimicLocation.ndjson: 31 in 0.14s (225/s)
load MimicPatient.ndjson: 100 in 0.34s (293/s)
file MimicPatient.ndjson: 100 in 0.45s (220/s)
load MimicEncounterICU.ndjson: 140 in 0.29s (481/s)
file MimicEncounterICU.ndjson: 140 in 0.34s (415/s)
load MimicMedicationMix.ndjson: 314 in 0.41s (757/s)
file MimicMedicationMix.ndjson: 314 in 0.61s (511/s)
load MimicEncounterED.ndjson: 222 in 0.33s (679/s)
file MimicEncounterED.ndjson: 222 in 0.38s (590/s)
load MimicObservationMicroOrg.ndjson: 338 in 0.62s (547/s)
file MimicObservationMicroOrg.ndjson: 338 in 0.67s (504/s)
load MimicConditionED.ndjson: 500 in 0.45s (1124/s)
load MimicConditionED.ndjson: 45 in 0.06s (714/s)
file MimicConditionED.ndjson: 545 in 0.55s (986/s)
load MimicProcedure.ndjson: 500 in 0.44s (1147/s)
load MimicProcedure.ndjson: 222 in 0.17s (1306/s)
file MimicProcedure.ndjson: 722 in 0.68s (1063/s)
load MimicEncounter.ndjson: 275 in 0.57s (480/s)
file MimicEncounter.ndjson: 275 in 0.66s (414/s)
load MimicMedicationDispenseED.ndjson: 500 in 0.47s (1073/s)
load MimicMedicationDispenseED.ndjson: 500 in 0.36s (1381/s)
load MimicMedicationDispenseED.ndjson: 82 in 0.11s (745/s)
file MimicMedicationDispenseED.ndjson: 1082 in 1.02s (1061/s)
load MimicProcedureED.ndjson: 500 in 0.41s (1235/s)
load MimicProcedureED.ndjson: 500 in 0.38s (1326/s)
load MimicProcedureED.ndjson: 260 in 0.22s (1198/s)
file MimicProcedureED.ndjson: 1260 in 1.07s (1173/s)
load MimicSpecimen.ndjson: 500 in 0.45s (1119/s)
load MimicSpecimen.ndjson: 500 in 0.85s (585/s)
load MimicSpecimen.ndjson: 336 in 0.17s (1920/s)
file MimicSpecimen.ndjson: 1336 in 1.89s (706/s)
load MimicMedication.ndjson: 500 in 0.19s (2632/s)
load MimicMedication.ndjson: 500 in 0.18s (2841/s)
load MimicMedication.ndjson: 480 in 0.19s (2581/s)
file MimicMedication.ndjson: 1480 in 0.59s (2513/s)
load MimicProcedureICU.ndjson: 500 in 0.29s (1706/s)
load MimicProcedureICU.ndjson: 500 in 0.25s (2008/s)
load MimicProcedureICU.ndjson: 468 in 0.29s (1625/s)
file MimicProcedureICU.ndjson: 1468 in 0.89s (1653/s)
load MimicObservationMicroSusc.ndjson: 500 in 0.54s (931/s)
load MimicObservationMicroSusc.ndjson: 500 in 0.42s (1176/s)
load MimicObservationMicroSusc.ndjson: 36 in 0.07s (486/s)
file MimicObservationMicroSusc.ndjson: 1036 in 1.10s (939/s)
load MimicObservationMicroTest.ndjson: 500 in 0.36s (1404/s)
load MimicObservationMicroTest.ndjson: 500 in 0.37s (1340/s)
load MimicObservationMicroTest.ndjson: 500 in 0.40s (1266/s)
load MimicObservationMicroTest.ndjson: 393 in 0.28s (1384/s)
file MimicObservationMicroTest.ndjson: 1893 in 1.49s (1267/s)
load MimicMedicationStatementED.ndjson: 500 in 0.32s (1563/s)
load MimicMedicationStatementED.ndjson: 500 in 0.22s (2232/s)
load MimicMedicationStatementED.ndjson: 500 in 0.25s (1969/s)
load MimicMedicationStatementED.ndjson: 500 in 0.24s (2041/s)
load MimicMedicationStatementED.ndjson: 411 in 0.24s (1720/s)
file MimicMedicationStatementED.ndjson: 2411 in 1.35s (1779/s)
load MimicObservationED.ndjson: 500 in 0.43s (1155/s)
load MimicObservationED.ndjson: 500 in 0.37s (1359/s)
load MimicObservationED.ndjson: 500 in 0.34s (1453/s)
load MimicObservationED.ndjson: 500 in 0.41s (1235/s)
load MimicObservationED.ndjson: 500 in 0.38s (1316/s)
load MimicObservationED.ndjson: 242 in 0.24s (1021/s)
file MimicObservationED.ndjson: 2742 in 2.29s (1196/s)
load MimicCondition.ndjson: 500 in 0.26s (1923/s)
load MimicCondition.ndjson: 500 in 0.19s (2618/s)
load MimicCondition.ndjson: 500 in 0.21s (2392/s)
load MimicCondition.ndjson: 500 in 0.20s (2488/s)
load MimicCondition.ndjson: 500 in 0.24s (2119/s)
load MimicCondition.ndjson: 500 in 0.21s (2392/s)
load MimicCondition.ndjson: 500 in 0.26s (1938/s)
load MimicCondition.ndjson: 500 in 0.24s (2092/s)
load MimicCondition.ndjson: 500 in 0.22s (2262/s)
load MimicCondition.ndjson: 6 in 0.05s (115/s)
file MimicCondition.ndjson: 4506 in 2.20s (2045/s)
load MimicObservationVitalSignsED.ndjson: 500 in 0.62s (801/s)
load MimicObservationVitalSignsED.ndjson: 500 in 0.55s (909/s)
load MimicObservationVitalSignsED.ndjson: 500 in 0.60s (828/s)
load MimicObservationVitalSignsED.ndjson: 500 in 0.52s (971/s)
load MimicObservationVitalSignsED.ndjson: 500 in 0.52s (971/s)
load MimicObservationVitalSignsED.ndjson: 500 in 0.60s (828/s)
load MimicObservationVitalSignsED.ndjson: 500 in 0.56s (888/s)
load MimicObservationVitalSignsED.ndjson: 500 in 0.51s (980/s)
load MimicObservationVitalSignsED.ndjson: 500 in 0.53s (938/s)
load MimicObservationVitalSignsED.ndjson: 500 in 0.51s (990/s)
load MimicObservationVitalSignsED.ndjson: 500 in 0.52s (963/s)
load MimicObservationVitalSignsED.ndjson: 500 in 0.56s (887/s)
load MimicObservationVitalSignsED.ndjson: 300 in 0.42s (719/s)
file MimicObservationVitalSignsED.ndjson: 6300 in 7.33s (859/s)
load MimicSpecimenLab.ndjson: 500 in 0.33s (1538/s)
load MimicSpecimenLab.ndjson: 500 in 0.19s (2577/s)
load MimicSpecimenLab.ndjson: 500 in 0.20s (2439/s)
load MimicSpecimenLab.ndjson: 500 in 0.21s (2415/s)
load MimicSpecimenLab.ndjson: 500 in 0.22s (2315/s)
load MimicSpecimenLab.ndjson: 500 in 0.20s (2463/s)
load MimicSpecimenLab.ndjson: 500 in 0.25s (2024/s)
load MimicSpecimenLab.ndjson: 500 in 0.22s (2262/s)
load MimicSpecimenLab.ndjson: 500 in 0.25s (2033/s)
load MimicSpecimenLab.ndjson: 500 in 0.28s (1799/s)
load MimicSpecimenLab.ndjson: 500 in 0.22s (2252/s)
load MimicSpecimenLab.ndjson: 500 in 0.23s (2146/s)
load MimicSpecimenLab.ndjson: 500 in 0.23s (2212/s)
load MimicSpecimenLab.ndjson: 500 in 0.22s (2262/s)
load MimicSpecimenLab.ndjson: 500 in 0.28s (1761/s)
load MimicSpecimenLab.ndjson: 500 in 0.29s (1736/s)
load MimicSpecimenLab.ndjson: 500 in 0.30s (1656/s)
load MimicSpecimenLab.ndjson: 500 in 0.30s (1650/s)
load MimicSpecimenLab.ndjson: 500 in 0.26s (1961/s)
load MimicSpecimenLab.ndjson: 500 in 0.26s (1946/s)
load MimicSpecimenLab.ndjson: 500 in 0.26s (1894/s)
load MimicSpecimenLab.ndjson: 500 in 0.27s (1852/s)
load MimicSpecimenLab.ndjson: 122 in 0.12s (1043/s)
file MimicSpecimenLab.ndjson: 11122 in 5.92s (1880/s)
load MimicObservationOutputevents.ndjson: 500 in 0.50s (992/s)
load MimicObservationOutputevents.ndjson: 500 in 0.46s (1078/s)
load MimicObservationOutputevents.ndjson: 500 in 0.47s (1053/s)
load MimicObservationOutputevents.ndjson: 500 in 0.53s (949/s)
load MimicObservationOutputevents.ndjson: 500 in 0.55s (916/s)
load MimicObservationOutputevents.ndjson: 500 in 0.50s (996/s)
load MimicObservationOutputevents.ndjson: 500 in 0.49s (1014/s)
load MimicObservationOutputevents.ndjson: 500 in 0.52s (967/s)
load MimicObservationOutputevents.ndjson: 500 in 0.56s (885/s)
load MimicObservationOutputevents.ndjson: 500 in 0.51s (978/s)
load MimicObservationOutputevents.ndjson: 500 in 0.50s (992/s)
load MimicObservationOutputevents.ndjson: 500 in 0.53s (951/s)
load MimicObservationOutputevents.ndjson: 500 in 0.56s (896/s)
load MimicObservationOutputevents.ndjson: 500 in 0.51s (988/s)
load MimicObservationOutputevents.ndjson: 500 in 0.55s (914/s)
load MimicObservationOutputevents.ndjson: 500 in 0.51s (982/s)
load MimicObservationOutputevents.ndjson: 500 in 0.54s (923/s)
load MimicObservationOutputevents.ndjson: 500 in 0.52s (969/s)
load MimicObservationOutputevents.ndjson: 362 in 0.49s (736/s)
file MimicObservationOutputevents.ndjson: 9362 in 10.20s (918/s)
load MimicObservationDatetimeevents.ndjson: 500 in 0.50s (996/s)
load MimicObservationDatetimeevents.ndjson: 500 in 0.44s (1147/s)
load MimicObservationDatetimeevents.ndjson: 500 in 0.45s (1104/s)
load MimicObservationDatetimeevents.ndjson: 500 in 0.51s (990/s)
load MimicObservationDatetimeevents.ndjson: 500 in 0.51s (984/s)
load MimicObservationDatetimeevents.ndjson: 500 in 0.48s (1046/s)
load MimicObservationDatetimeevents.ndjson: 500 in 0.53s (938/s)
load MimicObservationDatetimeevents.ndjson: 500 in 0.54s (933/s)
load MimicObservationDatetimeevents.ndjson: 500 in 0.48s (1031/s)
load MimicObservationDatetimeevents.ndjson: 500 in 0.50s (1006/s)
load MimicObservationDatetimeevents.ndjson: 500 in 0.48s (1040/s)
load MimicObservationDatetimeevents.ndjson: 500 in 0.70s (712/s)
load MimicObservationDatetimeevents.ndjson: 500 in 0.76s (657/s)
load MimicObservationDatetimeevents.ndjson: 500 in 0.76s (654/s)
load MimicObservationDatetimeevents.ndjson: 500 in 0.71s (708/s)
load MimicObservationDatetimeevents.ndjson: 500 in 0.71s (708/s)
load MimicObservationDatetimeevents.ndjson: 500 in 0.75s (664/s)
load MimicObservationDatetimeevents.ndjson: 500 in 0.72s (695/s)
load MimicObservationDatetimeevents.ndjson: 500 in 0.76s (659/s)
load MimicObservationDatetimeevents.ndjson: 500 in 0.72s (692/s)
load MimicObservationDatetimeevents.ndjson: 500 in 0.74s (672/s)
load MimicObservationDatetimeevents.ndjson: 500 in 0.71s (702/s)
load MimicObservationDatetimeevents.ndjson: 500 in 0.72s (696/s)
load MimicObservationDatetimeevents.ndjson: 500 in 0.76s (657/s)
load MimicObservationDatetimeevents.ndjson: 500 in 0.61s (817/s)
load MimicObservationDatetimeevents.ndjson: 500 in 0.58s (858/s)
load MimicObservationDatetimeevents.ndjson: 500 in 0.74s (676/s)
load MimicObservationDatetimeevents.ndjson: 500 in 0.77s (654/s)
load MimicObservationDatetimeevents.ndjson: 500 in 0.77s (651/s)
load MimicObservationDatetimeevents.ndjson: 500 in 0.77s (654/s)
load MimicObservationDatetimeevents.ndjson: 280 in 0.50s (562/s)
file MimicObservationDatetimeevents.ndjson: 15280 in 20.66s (740/s)
load MimicMedicationDispense.ndjson: 500 in 0.65s (769/s)
load MimicMedicationDispense.ndjson: 500 in 0.50s (998/s)
load MimicMedicationDispense.ndjson: 500 in 0.52s (969/s)
load MimicMedicationDispense.ndjson: 500 in 0.48s (1048/s)
load MimicMedicationDispense.ndjson: 500 in 0.48s (1033/s)
load MimicMedicationDispense.ndjson: 500 in 0.47s (1062/s)
load MimicMedicationDispense.ndjson: 500 in 0.54s (921/s)
load MimicMedicationDispense.ndjson: 500 in 0.46s (1080/s)
load MimicMedicationDispense.ndjson: 500 in 0.56s (898/s)
load MimicMedicationDispense.ndjson: 500 in 0.51s (986/s)
load MimicMedicationDispense.ndjson: 500 in 0.54s (935/s)
load MimicMedicationDispense.ndjson: 500 in 0.69s (726/s)
load MimicMedicationDispense.ndjson: 500 in 0.56s (896/s)
load MimicMedicationDispense.ndjson: 500 in 0.58s (867/s)
load MimicMedicationDispense.ndjson: 500 in 0.53s (952/s)
load MimicMedicationDispense.ndjson: 500 in 0.55s (906/s)
load MimicMedicationDispense.ndjson: 500 in 0.38s (1319/s)
load MimicMedicationDispense.ndjson: 500 in 0.45s (1111/s)
load MimicMedicationDispense.ndjson: 500 in 0.56s (898/s)
load MimicMedicationDispense.ndjson: 500 in 0.57s (870/s)
load MimicMedicationDispense.ndjson: 500 in 0.55s (916/s)
load MimicMedicationDispense.ndjson: 500 in 0.53s (952/s)
load MimicMedicationDispense.ndjson: 500 in 0.53s (940/s)
load MimicMedicationDispense.ndjson: 500 in 0.54s (931/s)
load MimicMedicationDispense.ndjson: 500 in 0.59s (847/s)
load MimicMedicationDispense.ndjson: 500 in 0.56s (894/s)
load MimicMedicationDispense.ndjson: 500 in 0.62s (806/s)
load MimicMedicationDispense.ndjson: 500 in 0.57s (870/s)
load MimicMedicationDispense.ndjson: 293 in 0.38s (765/s)
file MimicMedicationDispense.ndjson: 14293 in 16.62s (860/s)
load MimicMedicationRequest.ndjson: 500 in 0.62s (810/s)
load MimicMedicationRequest.ndjson: 500 in 0.53s (943/s)
load MimicMedicationRequest.ndjson: 500 in 0.44s (1139/s)
load MimicMedicationRequest.ndjson: 500 in 0.29s (1701/s)
load MimicMedicationRequest.ndjson: 500 in 0.32s (1572/s)
load MimicMedicationRequest.ndjson: 500 in 0.41s (1208/s)
load MimicMedicationRequest.ndjson: 500 in 0.49s (1012/s)
load MimicMedicationRequest.ndjson: 500 in 0.49s (1027/s)
load MimicMedicationRequest.ndjson: 500 in 0.49s (1014/s)
load MimicMedicationRequest.ndjson: 500 in 0.50s (1006/s)
load MimicMedicationRequest.ndjson: 500 in 0.56s (896/s)
load MimicMedicationRequest.ndjson: 500 in 0.52s (956/s)
load MimicMedicationRequest.ndjson: 500 in 0.55s (906/s)
load MimicMedicationRequest.ndjson: 500 in 0.53s (945/s)
load MimicMedicationRequest.ndjson: 500 in 0.56s (890/s)
load MimicMedicationRequest.ndjson: 500 in 0.52s (960/s)
load MimicMedicationRequest.ndjson: 500 in 0.58s (862/s)
load MimicMedicationRequest.ndjson: 500 in 0.56s (894/s)
load MimicMedicationRequest.ndjson: 500 in 0.43s (1155/s)
load MimicMedicationRequest.ndjson: 500 in 0.42s (1182/s)
load MimicMedicationRequest.ndjson: 500 in 0.49s (1025/s)
load MimicMedicationRequest.ndjson: 500 in 0.56s (899/s)
load MimicMedicationRequest.ndjson: 500 in 0.58s (867/s)
load MimicMedicationRequest.ndjson: 500 in 0.56s (887/s)
load MimicMedicationRequest.ndjson: 500 in 0.62s (809/s)
load MimicMedicationRequest.ndjson: 500 in 0.58s (855/s)
load MimicMedicationRequest.ndjson: 500 in 0.60s (829/s)
load MimicMedicationRequest.ndjson: 500 in 0.58s (865/s)
load MimicMedicationRequest.ndjson: 500 in 0.62s (810/s)
load MimicMedicationRequest.ndjson: 500 in 0.54s (929/s)
load MimicMedicationRequest.ndjson: 500 in 0.52s (963/s)
load MimicMedicationRequest.ndjson: 500 in 0.47s (1073/s)
load MimicMedicationRequest.ndjson: 500 in 0.64s (784/s)
load MimicMedicationRequest.ndjson: 500 in 0.48s (1031/s)
load MimicMedicationRequest.ndjson: 500 in 0.44s (1131/s)
load MimicMedicationRequest.ndjson: 52 in 0.12s (448/s)
file MimicMedicationRequest.ndjson: 17552 in 19.87s (883/s)
load MimicMedicationAdministrationICU.ndjson: 500 in 0.52s (963/s)
load MimicMedicationAdministrationICU.ndjson: 500 in 0.40s (1250/s)
load MimicMedicationAdministrationICU.ndjson: 500 in 0.38s (1305/s)
load MimicMedicationAdministrationICU.ndjson: 500 in 0.34s (1484/s)
load MimicMedicationAdministrationICU.ndjson: 500 in 0.36s (1389/s)
load MimicMedicationAdministrationICU.ndjson: 500 in 0.43s (1149/s)
load MimicMedicationAdministrationICU.ndjson: 500 in 0.40s (1250/s)
load MimicMedicationAdministrationICU.ndjson: 500 in 0.40s (1253/s)
load MimicMedicationAdministrationICU.ndjson: 500 in 0.46s (1096/s)
load MimicMedicationAdministrationICU.ndjson: 500 in 0.43s (1174/s)
load MimicMedicationAdministrationICU.ndjson: 500 in 0.49s (1010/s)
load MimicMedicationAdministrationICU.ndjson: 500 in 0.43s (1166/s)
load MimicMedicationAdministrationICU.ndjson: 500 in 0.44s (1147/s)
load MimicMedicationAdministrationICU.ndjson: 500 in 0.49s (1029/s)
load MimicMedicationAdministrationICU.ndjson: 500 in 0.45s (1121/s)
load MimicMedicationAdministrationICU.ndjson: 500 in 0.48s (1042/s)
load MimicMedicationAdministrationICU.ndjson: 500 in 0.44s (1126/s)
load MimicMedicationAdministrationICU.ndjson: 500 in 0.46s (1096/s)
load MimicMedicationAdministrationICU.ndjson: 500 in 0.47s (1064/s)
load MimicMedicationAdministrationICU.ndjson: 500 in 0.50s (1002/s)
load MimicMedicationAdministrationICU.ndjson: 500 in 0.54s (919/s)
load MimicMedicationAdministrationICU.ndjson: 500 in 0.51s (986/s)
load MimicMedicationAdministrationICU.ndjson: 500 in 0.50s (1002/s)
load MimicMedicationAdministrationICU.ndjson: 500 in 0.49s (1025/s)
load MimicMedicationAdministrationICU.ndjson: 500 in 0.49s (1027/s)
load MimicMedicationAdministrationICU.ndjson: 500 in 0.57s (877/s)
load MimicMedicationAdministrationICU.ndjson: 500 in 0.51s (984/s)
load MimicMedicationAdministrationICU.ndjson: 500 in 0.39s (1289/s)
load MimicMedicationAdministrationICU.ndjson: 500 in 0.39s (1295/s)
load MimicMedicationAdministrationICU.ndjson: 500 in 0.49s (1029/s)
load MimicMedicationAdministrationICU.ndjson: 500 in 0.57s (877/s)
load MimicMedicationAdministrationICU.ndjson: 500 in 0.52s (969/s)
load MimicMedicationAdministrationICU.ndjson: 500 in 0.52s (956/s)
load MimicMedicationAdministrationICU.ndjson: 500 in 0.51s (973/s)
load MimicMedicationAdministrationICU.ndjson: 500 in 0.50s (998/s)
load MimicMedicationAdministrationICU.ndjson: 500 in 0.56s (901/s)
load MimicMedicationAdministrationICU.ndjson: 500 in 0.51s (990/s)
load MimicMedicationAdministrationICU.ndjson: 500 in 0.51s (973/s)
load MimicMedicationAdministrationICU.ndjson: 500 in 0.54s (935/s)
load MimicMedicationAdministrationICU.ndjson: 500 in 0.58s (861/s)
load MimicMedicationAdministrationICU.ndjson: 404 in 0.51s (800/s)
file MimicMedicationAdministrationICU.ndjson: 20404 in 21.42s (953/s)
load MimicMedicationAdministration.ndjson: 500 in 0.65s (773/s)
load MimicMedicationAdministration.ndjson: 500 in 0.66s (762/s)
load MimicMedicationAdministration.ndjson: 500 in 0.57s (876/s)
load MimicMedicationAdministration.ndjson: 500 in 0.64s (787/s)
load MimicMedicationAdministration.ndjson: 500 in 0.60s (839/s)
load MimicMedicationAdministration.ndjson: 500 in 0.48s (1037/s)
load MimicMedicationAdministration.ndjson: 500 in 0.41s (1205/s)
load MimicMedicationAdministration.ndjson: 500 in 0.57s (877/s)
load MimicMedicationAdministration.ndjson: 500 in 0.64s (779/s)
load MimicMedicationAdministration.ndjson: 500 in 0.58s (864/s)
load MimicMedicationAdministration.ndjson: 500 in 0.68s (737/s)
load MimicMedicationAdministration.ndjson: 500 in 0.60s (829/s)
load MimicMedicationAdministration.ndjson: 500 in 0.64s (781/s)
load MimicMedicationAdministration.ndjson: 500 in 0.62s (808/s)
load MimicMedicationAdministration.ndjson: 500 in 0.63s (795/s)
load MimicMedicationAdministration.ndjson: 500 in 0.63s (795/s)
load MimicMedicationAdministration.ndjson: 500 in 0.55s (903/s)
load MimicMedicationAdministration.ndjson: 500 in 0.46s (1085/s)
load MimicMedicationAdministration.ndjson: 500 in 0.44s (1131/s)
load MimicMedicationAdministration.ndjson: 500 in 0.66s (758/s)
load MimicMedicationAdministration.ndjson: 500 in 0.61s (822/s)
load MimicMedicationAdministration.ndjson: 500 in 0.62s (809/s)
load MimicMedicationAdministration.ndjson: 500 in 0.62s (809/s)
load MimicMedicationAdministration.ndjson: 500 in 0.69s (728/s)
load MimicMedicationAdministration.ndjson: 500 in 0.60s (826/s)
load MimicMedicationAdministration.ndjson: 500 in 0.64s (786/s)
load MimicMedicationAdministration.ndjson: 500 in 0.63s (797/s)
load MimicMedicationAdministration.ndjson: 500 in 0.64s (787/s)
load MimicMedicationAdministration.ndjson: 500 in 0.63s (791/s)
load MimicMedicationAdministration.ndjson: 500 in 0.50s (996/s)
load MimicMedicationAdministration.ndjson: 500 in 0.46s (1089/s)
load MimicMedicationAdministration.ndjson: 500 in 0.43s (1174/s)
load MimicMedicationAdministration.ndjson: 500 in 0.45s (1124/s)
load MimicMedicationAdministration.ndjson: 500 in 0.48s (1050/s)
load MimicMedicationAdministration.ndjson: 500 in 0.51s (988/s)
load MimicMedicationAdministration.ndjson: 500 in 0.47s (1059/s)
load MimicMedicationAdministration.ndjson: 500 in 0.47s (1071/s)
load MimicMedicationAdministration.ndjson: 500 in 0.49s (1012/s)
load MimicMedicationAdministration.ndjson: 500 in 0.48s (1040/s)
load MimicMedicationAdministration.ndjson: 500 in 0.45s (1114/s)
load MimicMedicationAdministration.ndjson: 500 in 0.45s (1121/s)
load MimicMedicationAdministration.ndjson: 500 in 0.47s (1071/s)
load MimicMedicationAdministration.ndjson: 500 in 0.53s (936/s)
load MimicMedicationAdministration.ndjson: 500 in 0.45s (1101/s)
load MimicMedicationAdministration.ndjson: 500 in 0.50s (1000/s)
load MimicMedicationAdministration.ndjson: 500 in 0.45s (1106/s)
load MimicMedicationAdministration.ndjson: 500 in 0.46s (1096/s)
load MimicMedicationAdministration.ndjson: 500 in 0.48s (1046/s)
load MimicMedicationAdministration.ndjson: 500 in 0.48s (1046/s)
load MimicMedicationAdministration.ndjson: 500 in 0.53s (942/s)
load MimicMedicationAdministration.ndjson: 500 in 0.45s (1106/s)
load MimicMedicationAdministration.ndjson: 500 in 0.46s (1096/s)
load MimicMedicationAdministration.ndjson: 500 in 0.45s (1106/s)
load MimicMedicationAdministration.ndjson: 500 in 0.49s (1027/s)
load MimicMedicationAdministration.ndjson: 500 in 0.52s (971/s)
load MimicMedicationAdministration.ndjson: 500 in 0.45s (1116/s)
load MimicMedicationAdministration.ndjson: 500 in 0.48s (1042/s)
load MimicMedicationAdministration.ndjson: 500 in 0.54s (931/s)
load MimicMedicationAdministration.ndjson: 500 in 0.50s (1004/s)
load MimicMedicationAdministration.ndjson: 500 in 0.48s (1040/s)
load MimicMedicationAdministration.ndjson: 500 in 0.48s (1046/s)
load MimicMedicationAdministration.ndjson: 500 in 0.51s (977/s)
load MimicMedicationAdministration.ndjson: 500 in 0.47s (1068/s)
load MimicMedicationAdministration.ndjson: 500 in 0.48s (1050/s)
load MimicMedicationAdministration.ndjson: 500 in 0.47s (1059/s)
load MimicMedicationAdministration.ndjson: 500 in 0.52s (954/s)
load MimicMedicationAdministration.ndjson: 500 in 0.49s (1027/s)
load MimicMedicationAdministration.ndjson: 500 in 0.45s (1101/s)
load MimicMedicationAdministration.ndjson: 500 in 0.53s (938/s)
load MimicMedicationAdministration.ndjson: 500 in 0.55s (903/s)
load MimicMedicationAdministration.ndjson: 500 in 0.51s (990/s)
load MimicMedicationAdministration.ndjson: 500 in 0.48s (1042/s)
load MimicMedicationAdministration.ndjson: 131 in 0.20s (645/s)
file MimicMedicationAdministration.ndjson: 36131 in 40.20s (899/s)
load MimicObservationLabevents.ndjson: 500 in 0.82s (610/s)
load MimicObservationLabevents.ndjson: 500 in 0.81s (619/s)
load MimicObservationLabevents.ndjson: 500 in 0.64s (779/s)
load MimicObservationLabevents.ndjson: 500 in 0.66s (760/s)
load MimicObservationLabevents.ndjson: 500 in 0.68s (735/s)
load MimicObservationLabevents.ndjson: 500 in 0.74s (673/s)
load MimicObservationLabevents.ndjson: 500 in 0.67s (743/s)
load MimicObservationLabevents.ndjson: 500 in 0.75s (667/s)
load MimicObservationLabevents.ndjson: 500 in 0.73s (684/s)
load MimicObservationLabevents.ndjson: 500 in 0.70s (709/s)
load MimicObservationLabevents.ndjson: 500 in 0.68s (741/s)
load MimicObservationLabevents.ndjson: 500 in 0.73s (685/s)
load MimicObservationLabevents.ndjson: 500 in 0.71s (708/s)
load MimicObservationLabevents.ndjson: 500 in 0.69s (728/s)
load MimicObservationLabevents.ndjson: 500 in 0.79s (631/s)
load MimicObservationLabevents.ndjson: 500 in 1.00s (502/s)
load MimicObservationLabevents.ndjson: 500 in 0.99s (504/s)
load MimicObservationLabevents.ndjson: 500 in 0.95s (526/s)
load MimicObservationLabevents.ndjson: 500 in 0.97s (513/s)
load MimicObservationLabevents.ndjson: 500 in 0.92s (545/s)
load MimicObservationLabevents.ndjson: 500 in 0.97s (517/s)
load MimicObservationLabevents.ndjson: 500 in 0.98s (509/s)
load MimicObservationLabevents.ndjson: 500 in 1.00s (502/s)
load MimicObservationLabevents.ndjson: 500 in 1.04s (481/s)
load MimicObservationLabevents.ndjson: 500 in 0.98s (509/s)
load MimicObservationLabevents.ndjson: 500 in 0.97s (518/s)
load MimicObservationLabevents.ndjson: 500 in 0.90s (559/s)
load MimicObservationLabevents.ndjson: 500 in 0.77s (654/s)
load MimicObservationLabevents.ndjson: 500 in 0.92s (542/s)
load MimicObservationLabevents.ndjson: 500 in 0.97s (513/s)
load MimicObservationLabevents.ndjson: 500 in 0.96s (522/s)
load MimicObservationLabevents.ndjson: 500 in 1.00s (502/s)
load MimicObservationLabevents.ndjson: 500 in 1.00s (502/s)
load MimicObservationLabevents.ndjson: 500 in 0.95s (528/s)
load MimicObservationLabevents.ndjson: 500 in 1.00s (502/s)
load MimicObservationLabevents.ndjson: 500 in 1.01s (497/s)
load MimicObservationLabevents.ndjson: 500 in 0.96s (523/s)
load MimicObservationLabevents.ndjson: 500 in 0.99s (505/s)
load MimicObservationLabevents.ndjson: 500 in 0.94s (531/s)
load MimicObservationLabevents.ndjson: 500 in 0.97s (515/s)
load MimicObservationLabevents.ndjson: 500 in 0.83s (602/s)
load MimicObservationLabevents.ndjson: 500 in 0.88s (567/s)
load MimicObservationLabevents.ndjson: 500 in 1.03s (483/s)
load MimicObservationLabevents.ndjson: 500 in 1.12s (447/s)
load MimicObservationLabevents.ndjson: 500 in 1.05s (474/s)
load MimicObservationLabevents.ndjson: 500 in 1.01s (496/s)
load MimicObservationLabevents.ndjson: 500 in 0.78s (639/s)
load MimicObservationLabevents.ndjson: 500 in 0.96s (520/s)
load MimicObservationLabevents.ndjson: 500 in 0.99s (505/s)
load MimicObservationLabevents.ndjson: 500 in 1.14s (438/s)
load MimicObservationLabevents.ndjson: 500 in 0.96s (522/s)
load MimicObservationLabevents.ndjson: 500 in 0.79s (631/s)
load MimicObservationLabevents.ndjson: 500 in 1.09s (459/s)
load MimicObservationLabevents.ndjson: 500 in 1.06s (473/s)
load MimicObservationLabevents.ndjson: 500 in 1.03s (485/s)
load MimicObservationLabevents.ndjson: 500 in 1.07s (468/s)
load MimicObservationLabevents.ndjson: 500 in 1.06s (473/s)
load MimicObservationLabevents.ndjson: 500 in 1.01s (496/s)
load MimicObservationLabevents.ndjson: 500 in 0.79s (635/s)
load MimicObservationLabevents.ndjson: 500 in 0.99s (504/s)
load MimicObservationLabevents.ndjson: 500 in 0.80s (629/s)
load MimicObservationLabevents.ndjson: 500 in 1.00s (501/s)
load MimicObservationLabevents.ndjson: 500 in 1.05s (476/s)
load MimicObservationLabevents.ndjson: 500 in 1.00s (501/s)
load MimicObservationLabevents.ndjson: 500 in 1.05s (476/s)
load MimicObservationLabevents.ndjson: 500 in 1.06s (469/s)
load MimicObservationLabevents.ndjson: 500 in 1.01s (495/s)
load MimicObservationLabevents.ndjson: 500 in 1.10s (453/s)
load MimicObservationLabevents.ndjson: 500 in 1.10s (453/s)
load MimicObservationLabevents.ndjson: 500 in 1.06s (470/s)
load MimicObservationLabevents.ndjson: 500 in 1.09s (459/s)
load MimicObservationLabevents.ndjson: 500 in 1.07s (467/s)
load MimicObservationLabevents.ndjson: 500 in 1.06s (470/s)
load MimicObservationLabevents.ndjson: 500 in 1.03s (483/s)
load MimicObservationLabevents.ndjson: 500 in 0.81s (617/s)
load MimicObservationLabevents.ndjson: 500 in 1.10s (454/s)
load MimicObservationLabevents.ndjson: 500 in 1.10s (453/s)
load MimicObservationLabevents.ndjson: 500 in 1.00s (498/s)
load MimicObservationLabevents.ndjson: 500 in 1.09s (457/s)
load MimicObservationLabevents.ndjson: 500 in 1.09s (457/s)
load MimicObservationLabevents.ndjson: 500 in 1.16s (431/s)
load MimicObservationLabevents.ndjson: 500 in 0.78s (643/s)
load MimicObservationLabevents.ndjson: 500 in 1.05s (475/s)
load MimicObservationLabevents.ndjson: 500 in 1.10s (453/s)
load MimicObservationLabevents.ndjson: 500 in 1.15s (436/s)
load MimicObservationLabevents.ndjson: 500 in 1.11s (449/s)
load MimicObservationLabevents.ndjson: 500 in 1.01s (493/s)
load MimicObservationLabevents.ndjson: 500 in 0.91s (548/s)
load MimicObservationLabevents.ndjson: 500 in 1.16s (433/s)
load MimicObservationLabevents.ndjson: 500 in 1.04s (482/s)
load MimicObservationLabevents.ndjson: 500 in 1.11s (450/s)
load MimicObservationLabevents.ndjson: 500 in 1.04s (480/s)
load MimicObservationLabevents.ndjson: 500 in 1.00s (501/s)
load MimicObservationLabevents.ndjson: 500 in 1.06s (472/s)
load MimicObservationLabevents.ndjson: 500 in 1.03s (484/s)
load MimicObservationLabevents.ndjson: 500 in 1.02s (490/s)
load MimicObservationLabevents.ndjson: 500 in 0.77s (648/s)
load MimicObservationLabevents.ndjson: 500 in 0.73s (686/s)
load MimicObservationLabevents.ndjson: 500 in 0.89s (563/s)
load MimicObservationLabevents.ndjson: 500 in 0.80s (628/s)
load MimicObservationLabevents.ndjson: 500 in 0.82s (612/s)
load MimicObservationLabevents.ndjson: 500 in 0.79s (636/s)
load MimicObservationLabevents.ndjson: 500 in 0.77s (649/s)
load MimicObservationLabevents.ndjson: 500 in 0.83s (605/s)
load MimicObservationLabevents.ndjson: 500 in 0.78s (644/s)
load MimicObservationLabevents.ndjson: 500 in 0.74s (678/s)
load MimicObservationLabevents.ndjson: 500 in 0.77s (646/s)
load MimicObservationLabevents.ndjson: 500 in 0.82s (613/s)
load MimicObservationLabevents.ndjson: 500 in 0.81s (620/s)
load MimicObservationLabevents.ndjson: 500 in 0.75s (669/s)
load MimicObservationLabevents.ndjson: 500 in 0.78s (642/s)
load MimicObservationLabevents.ndjson: 500 in 0.75s (663/s)
load MimicObservationLabevents.ndjson: 500 in 0.73s (680/s)
load MimicObservationLabevents.ndjson: 500 in 0.83s (605/s)
load MimicObservationLabevents.ndjson: 500 in 0.79s (635/s)
load MimicObservationLabevents.ndjson: 500 in 0.70s (713/s)
load MimicObservationLabevents.ndjson: 500 in 0.80s (625/s)
load MimicObservationLabevents.ndjson: 500 in 0.79s (637/s)
load MimicObservationLabevents.ndjson: 500 in 0.73s (680/s)
load MimicObservationLabevents.ndjson: 500 in 0.75s (666/s)
load MimicObservationLabevents.ndjson: 500 in 0.83s (599/s)
load MimicObservationLabevents.ndjson: 500 in 0.74s (673/s)
load MimicObservationLabevents.ndjson: 500 in 0.77s (654/s)
load MimicObservationLabevents.ndjson: 500 in 0.78s (644/s)
load MimicObservationLabevents.ndjson: 500 in 0.74s (678/s)
load MimicObservationLabevents.ndjson: 500 in 0.73s (681/s)
load MimicObservationLabevents.ndjson: 500 in 0.74s (673/s)
load MimicObservationLabevents.ndjson: 500 in 0.83s (605/s)
load MimicObservationLabevents.ndjson: 500 in 0.76s (654/s)
load MimicObservationLabevents.ndjson: 500 in 0.76s (658/s)
load MimicObservationLabevents.ndjson: 500 in 0.82s (612/s)
load MimicObservationLabevents.ndjson: 500 in 0.75s (663/s)
load MimicObservationLabevents.ndjson: 500 in 0.79s (631/s)
load MimicObservationLabevents.ndjson: 500 in 0.73s (683/s)
load MimicObservationLabevents.ndjson: 500 in 0.78s (639/s)
load MimicObservationLabevents.ndjson: 500 in 0.84s (597/s)
load MimicObservationLabevents.ndjson: 500 in 0.80s (623/s)
load MimicObservationLabevents.ndjson: 500 in 0.84s (597/s)
load MimicObservationLabevents.ndjson: 500 in 0.75s (668/s)
load MimicObservationLabevents.ndjson: 500 in 0.78s (640/s)
load MimicObservationLabevents.ndjson: 500 in 0.88s (569/s)
load MimicObservationLabevents.ndjson: 500 in 0.73s (685/s)
load MimicObservationLabevents.ndjson: 500 in 0.88s (571/s)
load MimicObservationLabevents.ndjson: 500 in 0.77s (654/s)
load MimicObservationLabevents.ndjson: 500 in 0.80s (622/s)
load MimicObservationLabevents.ndjson: 500 in 0.77s (646/s)
load MimicObservationLabevents.ndjson: 500 in 0.75s (667/s)
load MimicObservationLabevents.ndjson: 500 in 0.82s (608/s)
load MimicObservationLabevents.ndjson: 500 in 0.77s (650/s)
load MimicObservationLabevents.ndjson: 500 in 0.83s (604/s)
load MimicObservationLabevents.ndjson: 500 in 0.81s (615/s)
load MimicObservationLabevents.ndjson: 500 in 0.79s (636/s)
load MimicObservationLabevents.ndjson: 500 in 0.90s (556/s)
load MimicObservationLabevents.ndjson: 500 in 0.80s (626/s)
load MimicObservationLabevents.ndjson: 500 in 1.16s (431/s)
load MimicObservationLabevents.ndjson: 500 in 1.11s (448/s)
load MimicObservationLabevents.ndjson: 500 in 1.20s (417/s)
load MimicObservationLabevents.ndjson: 500 in 1.19s (421/s)
load MimicObservationLabevents.ndjson: 500 in 1.10s (453/s)
load MimicObservationLabevents.ndjson: 500 in 1.23s (406/s)
load MimicObservationLabevents.ndjson: 500 in 0.91s (552/s)
load MimicObservationLabevents.ndjson: 500 in 1.03s (484/s)
load MimicObservationLabevents.ndjson: 500 in 1.13s (443/s)
load MimicObservationLabevents.ndjson: 500 in 1.14s (437/s)
load MimicObservationLabevents.ndjson: 500 in 1.17s (428/s)
load MimicObservationLabevents.ndjson: 500 in 1.18s (424/s)
load MimicObservationLabevents.ndjson: 500 in 1.11s (448/s)
load MimicObservationLabevents.ndjson: 500 in 1.11s (449/s)
load MimicObservationLabevents.ndjson: 500 in 1.12s (448/s)
load MimicObservationLabevents.ndjson: 500 in 1.12s (447/s)
load MimicObservationLabevents.ndjson: 500 in 0.93s (539/s)
load MimicObservationLabevents.ndjson: 500 in 0.94s (530/s)
load MimicObservationLabevents.ndjson: 500 in 1.11s (452/s)
load MimicObservationLabevents.ndjson: 500 in 1.14s (440/s)
load MimicObservationLabevents.ndjson: 500 in 1.05s (474/s)
load MimicObservationLabevents.ndjson: 500 in 0.92s (543/s)
load MimicObservationLabevents.ndjson: 500 in 1.18s (424/s)
load MimicObservationLabevents.ndjson: 500 in 1.09s (458/s)
load MimicObservationLabevents.ndjson: 500 in 1.12s (446/s)
load MimicObservationLabevents.ndjson: 500 in 1.09s (460/s)
load MimicObservationLabevents.ndjson: 500 in 0.85s (585/s)
load MimicObservationLabevents.ndjson: 500 in 1.18s (423/s)
load MimicObservationLabevents.ndjson: 500 in 1.07s (469/s)
load MimicObservationLabevents.ndjson: 500 in 1.17s (426/s)
load MimicObservationLabevents.ndjson: 500 in 1.15s (434/s)
load MimicObservationLabevents.ndjson: 500 in 1.03s (487/s)
load MimicObservationLabevents.ndjson: 500 in 0.97s (517/s)
load MimicObservationLabevents.ndjson: 500 in 1.04s (480/s)
load MimicObservationLabevents.ndjson: 500 in 0.91s (549/s)
load MimicObservationLabevents.ndjson: 500 in 1.16s (432/s)
load MimicObservationLabevents.ndjson: 500 in 1.18s (426/s)
load MimicObservationLabevents.ndjson: 500 in 1.08s (462/s)
load MimicObservationLabevents.ndjson: 500 in 1.16s (430/s)
load MimicObservationLabevents.ndjson: 500 in 1.26s (397/s)
load MimicObservationLabevents.ndjson: 500 in 1.10s (452/s)
load MimicObservationLabevents.ndjson: 500 in 1.14s (439/s)
load MimicObservationLabevents.ndjson: 500 in 1.15s (434/s)
load MimicObservationLabevents.ndjson: 500 in 1.09s (459/s)
load MimicObservationLabevents.ndjson: 500 in 1.12s (448/s)
load MimicObservationLabevents.ndjson: 500 in 1.00s (498/s)
load MimicObservationLabevents.ndjson: 500 in 0.91s (549/s)
load MimicObservationLabevents.ndjson: 500 in 1.10s (454/s)
load MimicObservationLabevents.ndjson: 500 in 1.12s (446/s)
load MimicObservationLabevents.ndjson: 500 in 1.10s (455/s)
load MimicObservationLabevents.ndjson: 500 in 1.13s (442/s)
load MimicObservationLabevents.ndjson: 500 in 1.13s (441/s)
load MimicObservationLabevents.ndjson: 500 in 1.06s (472/s)
load MimicObservationLabevents.ndjson: 500 in 0.85s (586/s)
load MimicObservationLabevents.ndjson: 500 in 1.14s (437/s)
load MimicObservationLabevents.ndjson: 500 in 1.12s (448/s)
load MimicObservationLabevents.ndjson: 500 in 0.90s (556/s)
load MimicObservationLabevents.ndjson: 500 in 0.99s (503/s)
load MimicObservationLabevents.ndjson: 500 in 1.12s (447/s)
load MimicObservationLabevents.ndjson: 500 in 1.14s (441/s)
load MimicObservationLabevents.ndjson: 500 in 1.21s (415/s)
load MimicObservationLabevents.ndjson: 227 in 0.61s (373/s)
file MimicObservationLabevents.ndjson: 107727 in 216.00s (499/s)
load MimicObservationChartevents.ndjson: 500 in 1.03s (484/s)
load MimicObservationChartevents.ndjson: 500 in 1.00s (502/s)
load MimicObservationChartevents.ndjson: 500 in 0.90s (556/s)
load MimicObservationChartevents.ndjson: 500 in 0.78s (645/s)
load MimicObservationChartevents.ndjson: 500 in 0.77s (651/s)
load MimicObservationChartevents.ndjson: 500 in 0.81s (617/s)
load MimicObservationChartevents.ndjson: 500 in 0.77s (652/s)
load MimicObservationChartevents.ndjson: 500 in 0.73s (684/s)
load MimicObservationChartevents.ndjson: 500 in 0.77s (651/s)
load MimicObservationChartevents.ndjson: 500 in 0.72s (693/s)
load MimicObservationChartevents.ndjson: 500 in 0.76s (658/s)
load MimicObservationChartevents.ndjson: 500 in 0.71s (708/s)
load MimicObservationChartevents.ndjson: 500 in 0.74s (675/s)
load MimicObservationChartevents.ndjson: 500 in 0.72s (692/s)
load MimicObservationChartevents.ndjson: 500 in 0.74s (679/s)
load MimicObservationChartevents.ndjson: 500 in 0.71s (700/s)
load MimicObservationChartevents.ndjson: 500 in 0.82s (611/s)
load MimicObservationChartevents.ndjson: 500 in 0.71s (707/s)
load MimicObservationChartevents.ndjson: 500 in 0.71s (700/s)
load MimicObservationChartevents.ndjson: 500 in 0.76s (654/s)
load MimicObservationChartevents.ndjson: 500 in 0.73s (686/s)
load MimicObservationChartevents.ndjson: 500 in 0.74s (672/s)
load MimicObservationChartevents.ndjson: 500 in 0.72s (693/s)
load MimicObservationChartevents.ndjson: 500 in 0.74s (678/s)
load MimicObservationChartevents.ndjson: 500 in 0.68s (733/s)
load MimicObservationChartevents.ndjson: 500 in 0.71s (701/s)
load MimicObservationChartevents.ndjson: 500 in 0.72s (691/s)
load MimicObservationChartevents.ndjson: 500 in 0.81s (618/s)
load MimicObservationChartevents.ndjson: 500 in 0.71s (699/s)
load MimicObservationChartevents.ndjson: 500 in 0.73s (684/s)
load MimicObservationChartevents.ndjson: 500 in 0.74s (677/s)
load MimicObservationChartevents.ndjson: 500 in 0.69s (723/s)
load MimicObservationChartevents.ndjson: 500 in 0.67s (749/s)
load MimicObservationChartevents.ndjson: 500 in 0.76s (660/s)
load MimicObservationChartevents.ndjson: 500 in 0.67s (745/s)
load MimicObservationChartevents.ndjson: 500 in 0.66s (760/s)
load MimicObservationChartevents.ndjson: 500 in 0.66s (762/s)
load MimicObservationChartevents.ndjson: 500 in 0.69s (729/s)
load MimicObservationChartevents.ndjson: 500 in 0.73s (689/s)
load MimicObservationChartevents.ndjson: 500 in 0.68s (736/s)
load MimicObservationChartevents.ndjson: 500 in 0.71s (708/s)
load MimicObservationChartevents.ndjson: 500 in 0.80s (625/s)
load MimicObservationChartevents.ndjson: 500 in 0.68s (731/s)
load MimicObservationChartevents.ndjson: 500 in 0.69s (730/s)
load MimicObservationChartevents.ndjson: 500 in 0.76s (660/s)
load MimicObservationChartevents.ndjson: 500 in 0.72s (695/s)
load MimicObservationChartevents.ndjson: 500 in 0.66s (763/s)
load MimicObservationChartevents.ndjson: 500 in 0.67s (742/s)
load MimicObservationChartevents.ndjson: 500 in 0.69s (728/s)
load MimicObservationChartevents.ndjson: 500 in 0.78s (644/s)
load MimicObservationChartevents.ndjson: 500 in 0.73s (685/s)
load MimicObservationChartevents.ndjson: 500 in 0.72s (693/s)
load MimicObservationChartevents.ndjson: 500 in 0.78s (639/s)
load MimicObservationChartevents.ndjson: 500 in 0.71s (702/s)
load MimicObservationChartevents.ndjson: 500 in 0.69s (719/s)
load MimicObservationChartevents.ndjson: 500 in 0.82s (608/s)
load MimicObservationChartevents.ndjson: 500 in 0.70s (718/s)
load MimicObservationChartevents.ndjson: 500 in 0.83s (605/s)
load MimicObservationChartevents.ndjson: 500 in 1.01s (495/s)
load MimicObservationChartevents.ndjson: 500 in 1.00s (500/s)
load MimicObservationChartevents.ndjson: 500 in 0.99s (505/s)
load MimicObservationChartevents.ndjson: 500 in 1.07s (469/s)
load MimicObservationChartevents.ndjson: 500 in 1.01s (496/s)
load MimicObservationChartevents.ndjson: 500 in 0.88s (566/s)
load MimicObservationChartevents.ndjson: 500 in 0.86s (584/s)
load MimicObservationChartevents.ndjson: 500 in 0.99s (506/s)
load MimicObservationChartevents.ndjson: 500 in 1.10s (453/s)
load MimicObservationChartevents.ndjson: 500 in 1.03s (484/s)
load MimicObservationChartevents.ndjson: 500 in 1.08s (463/s)
load MimicObservationChartevents.ndjson: 500 in 1.04s (481/s)
load MimicObservationChartevents.ndjson: 500 in 1.01s (496/s)
load MimicObservationChartevents.ndjson: 500 in 0.96s (521/s)
load MimicObservationChartevents.ndjson: 500 in 1.01s (493/s)
load MimicObservationChartevents.ndjson: 500 in 1.02s (492/s)
load MimicObservationChartevents.ndjson: 500 in 0.94s (534/s)
load MimicObservationChartevents.ndjson: 500 in 1.04s (481/s)
load MimicObservationChartevents.ndjson: 500 in 0.97s (514/s)
load MimicObservationChartevents.ndjson: 500 in 0.77s (654/s)
load MimicObservationChartevents.ndjson: 500 in 0.96s (519/s)
load MimicObservationChartevents.ndjson: 500 in 0.99s (503/s)
load MimicObservationChartevents.ndjson: 500 in 1.00s (501/s)
load MimicObservationChartevents.ndjson: 500 in 1.00s (502/s)
load MimicObservationChartevents.ndjson: 500 in 0.98s (510/s)
load MimicObservationChartevents.ndjson: 500 in 1.00s (501/s)
load MimicObservationChartevents.ndjson: 500 in 0.76s (654/s)
load MimicObservationChartevents.ndjson: 500 in 0.95s (527/s)
load MimicObservationChartevents.ndjson: 500 in 0.94s (530/s)
load MimicObservationChartevents.ndjson: 500 in 1.03s (486/s)
load MimicObservationChartevents.ndjson: 500 in 1.03s (485/s)
load MimicObservationChartevents.ndjson: 500 in 1.00s (499/s)
load MimicObservationChartevents.ndjson: 500 in 1.07s (466/s)
load MimicObservationChartevents.ndjson: 500 in 0.99s (504/s)
load MimicObservationChartevents.ndjson: 500 in 0.99s (505/s)
load MimicObservationChartevents.ndjson: 500 in 1.01s (497/s)
load MimicObservationChartevents.ndjson: 500 in 0.84s (596/s)
load MimicObservationChartevents.ndjson: 500 in 0.86s (582/s)
load MimicObservationChartevents.ndjson: 500 in 0.98s (509/s)
load MimicObservationChartevents.ndjson: 500 in 1.01s (495/s)
load MimicObservationChartevents.ndjson: 500 in 0.93s (536/s)
load MimicObservationChartevents.ndjson: 500 in 0.80s (625/s)
load MimicObservationChartevents.ndjson: 500 in 1.04s (483/s)
load MimicObservationChartevents.ndjson: 500 in 0.78s (641/s)
load MimicObservationChartevents.ndjson: 500 in 0.85s (589/s)
load MimicObservationChartevents.ndjson: 500 in 0.99s (503/s)
load MimicObservationChartevents.ndjson: 500 in 0.93s (541/s)
load MimicObservationChartevents.ndjson: 500 in 1.03s (485/s)
load MimicObservationChartevents.ndjson: 500 in 1.04s (483/s)
load MimicObservationChartevents.ndjson: 500 in 1.07s (468/s)
load MimicObservationChartevents.ndjson: 500 in 1.02s (488/s)
load MimicObservationChartevents.ndjson: 500 in 0.76s (658/s)
load MimicObservationChartevents.ndjson: 500 in 0.95s (525/s)
load MimicObservationChartevents.ndjson: 500 in 0.99s (504/s)
load MimicObservationChartevents.ndjson: 500 in 0.99s (506/s)
load MimicObservationChartevents.ndjson: 500 in 1.02s (489/s)
load MimicObservationChartevents.ndjson: 500 in 1.01s (494/s)
load MimicObservationChartevents.ndjson: 500 in 1.00s (500/s)
load MimicObservationChartevents.ndjson: 500 in 1.09s (460/s)
load MimicObservationChartevents.ndjson: 500 in 1.03s (484/s)
load MimicObservationChartevents.ndjson: 500 in 1.02s (490/s)
load MimicObservationChartevents.ndjson: 500 in 0.80s (625/s)
load MimicObservationChartevents.ndjson: 500 in 0.85s (589/s)
load MimicObservationChartevents.ndjson: 500 in 1.04s (479/s)
load MimicObservationChartevents.ndjson: 500 in 1.07s (469/s)
load MimicObservationChartevents.ndjson: 500 in 1.05s (476/s)
load MimicObservationChartevents.ndjson: 500 in 0.84s (598/s)
load MimicObservationChartevents.ndjson: 500 in 0.83s (601/s)
load MimicObservationChartevents.ndjson: 500 in 0.99s (506/s)
load MimicObservationChartevents.ndjson: 500 in 1.03s (484/s)
load MimicObservationChartevents.ndjson: 500 in 1.09s (460/s)
load MimicObservationChartevents.ndjson: 500 in 0.99s (504/s)
load MimicObservationChartevents.ndjson: 500 in 1.02s (491/s)
load MimicObservationChartevents.ndjson: 500 in 1.04s (479/s)
load MimicObservationChartevents.ndjson: 500 in 1.01s (495/s)
load MimicObservationChartevents.ndjson: 500 in 1.03s (485/s)
load MimicObservationChartevents.ndjson: 500 in 1.00s (499/s)
load MimicObservationChartevents.ndjson: 500 in 0.74s (676/s)
load MimicObservationChartevents.ndjson: 500 in 0.75s (666/s)
load MimicObservationChartevents.ndjson: 500 in 0.78s (641/s)
load MimicObservationChartevents.ndjson: 500 in 0.78s (644/s)
load MimicObservationChartevents.ndjson: 500 in 0.78s (642/s)
load MimicObservationChartevents.ndjson: 500 in 0.83s (599/s)
load MimicObservationChartevents.ndjson: 500 in 0.81s (617/s)
load MimicObservationChartevents.ndjson: 500 in 0.73s (681/s)
load MimicObservationChartevents.ndjson: 500 in 0.82s (608/s)
load MimicObservationChartevents.ndjson: 500 in 0.80s (627/s)
load MimicObservationChartevents.ndjson: 500 in 0.76s (658/s)
load MimicObservationChartevents.ndjson: 500 in 0.80s (628/s)
load MimicObservationChartevents.ndjson: 500 in 0.79s (631/s)
load MimicObservationChartevents.ndjson: 500 in 0.83s (602/s)
load MimicObservationChartevents.ndjson: 500 in 0.79s (631/s)
load MimicObservationChartevents.ndjson: 500 in 0.86s (584/s)
load MimicObservationChartevents.ndjson: 500 in 0.73s (687/s)
load MimicObservationChartevents.ndjson: 500 in 0.74s (672/s)
load MimicObservationChartevents.ndjson: 500 in 0.85s (586/s)
load MimicObservationChartevents.ndjson: 500 in 0.72s (693/s)
load MimicObservationChartevents.ndjson: 500 in 0.72s (695/s)
load MimicObservationChartevents.ndjson: 500 in 0.68s (740/s)
load MimicObservationChartevents.ndjson: 500 in 0.75s (670/s)
load MimicObservationChartevents.ndjson: 500 in 0.78s (639/s)
load MimicObservationChartevents.ndjson: 500 in 0.72s (693/s)
load MimicObservationChartevents.ndjson: 500 in 0.74s (671/s)
load MimicObservationChartevents.ndjson: 500 in 0.82s (608/s)
load MimicObservationChartevents.ndjson: 500 in 0.73s (685/s)
load MimicObservationChartevents.ndjson: 500 in 0.83s (605/s)
load MimicObservationChartevents.ndjson: 500 in 0.79s (636/s)
load MimicObservationChartevents.ndjson: 500 in 0.72s (694/s)
load MimicObservationChartevents.ndjson: 500 in 0.73s (683/s)
load MimicObservationChartevents.ndjson: 500 in 0.74s (676/s)
load MimicObservationChartevents.ndjson: 500 in 0.78s (638/s)
load MimicObservationChartevents.ndjson: 500 in 0.86s (581/s)
load MimicObservationChartevents.ndjson: 500 in 0.93s (541/s)
load MimicObservationChartevents.ndjson: 500 in 1.05s (474/s)
load MimicObservationChartevents.ndjson: 500 in 0.81s (615/s)
load MimicObservationChartevents.ndjson: 500 in 0.80s (625/s)
load MimicObservationChartevents.ndjson: 500 in 0.86s (578/s)
load MimicObservationChartevents.ndjson: 500 in 0.77s (649/s)
load MimicObservationChartevents.ndjson: 500 in 0.79s (637/s)
load MimicObservationChartevents.ndjson: 500 in 1.08s (461/s)
load MimicObservationChartevents.ndjson: 500 in 1.08s (465/s)
load MimicObservationChartevents.ndjson: 500 in 1.06s (473/s)
load MimicObservationChartevents.ndjson: 500 in 1.06s (470/s)
load MimicObservationChartevents.ndjson: 500 in 1.05s (474/s)
load MimicObservationChartevents.ndjson: 500 in 1.08s (463/s)
load MimicObservationChartevents.ndjson: 500 in 1.05s (475/s)
load MimicObservationChartevents.ndjson: 500 in 0.84s (598/s)
load MimicObservationChartevents.ndjson: 500 in 0.86s (582/s)
load MimicObservationChartevents.ndjson: 500 in 1.07s (469/s)
load MimicObservationChartevents.ndjson: 500 in 1.00s (498/s)
load MimicObservationChartevents.ndjson: 500 in 1.08s (462/s)
load MimicObservationChartevents.ndjson: 500 in 1.02s (490/s)
load MimicObservationChartevents.ndjson: 500 in 1.11s (451/s)
load MimicObservationChartevents.ndjson: 500 in 0.81s (617/s)
load MimicObservationChartevents.ndjson: 500 in 0.96s (522/s)
load MimicObservationChartevents.ndjson: 500 in 1.01s (495/s)
load MimicObservationChartevents.ndjson: 500 in 1.03s (485/s)
load MimicObservationChartevents.ndjson: 500 in 0.97s (515/s)
load MimicObservationChartevents.ndjson: 500 in 0.82s (609/s)
load MimicObservationChartevents.ndjson: 500 in 0.94s (532/s)
load MimicObservationChartevents.ndjson: 500 in 1.01s (497/s)
load MimicObservationChartevents.ndjson: 500 in 0.99s (505/s)
load MimicObservationChartevents.ndjson: 500 in 0.82s (607/s)
load MimicObservationChartevents.ndjson: 500 in 1.01s (496/s)
load MimicObservationChartevents.ndjson: 500 in 1.08s (463/s)
load MimicObservationChartevents.ndjson: 500 in 1.03s (484/s)
load MimicObservationChartevents.ndjson: 500 in 1.05s (475/s)
load MimicObservationChartevents.ndjson: 500 in 0.82s (608/s)
load MimicObservationChartevents.ndjson: 500 in 0.88s (571/s)
load MimicObservationChartevents.ndjson: 500 in 0.70s (712/s)
load MimicObservationChartevents.ndjson: 500 in 0.73s (687/s)
load MimicObservationChartevents.ndjson: 500 in 0.95s (526/s)
load MimicObservationChartevents.ndjson: 500 in 0.91s (551/s)
load MimicObservationChartevents.ndjson: 500 in 1.01s (497/s)
load MimicObservationChartevents.ndjson: 500 in 1.03s (484/s)
load MimicObservationChartevents.ndjson: 500 in 1.19s (421/s)
load MimicObservationChartevents.ndjson: 500 in 1.16s (431/s)
load MimicObservationChartevents.ndjson: 500 in 1.21s (414/s)
load MimicObservationChartevents.ndjson: 500 in 1.20s (416/s)
load MimicObservationChartevents.ndjson: 500 in 1.14s (438/s)
load MimicObservationChartevents.ndjson: 500 in 1.13s (443/s)
load MimicObservationChartevents.ndjson: 500 in 1.17s (429/s)
load MimicObservationChartevents.ndjson: 500 in 0.97s (517/s)
load MimicObservationChartevents.ndjson: 500 in 1.18s (426/s)
load MimicObservationChartevents.ndjson: 500 in 0.96s (519/s)
load MimicObservationChartevents.ndjson: 500 in 1.04s (482/s)
load MimicObservationChartevents.ndjson: 500 in 0.96s (520/s)
load MimicObservationChartevents.ndjson: 500 in 0.95s (526/s)
load MimicObservationChartevents.ndjson: 500 in 0.98s (511/s)
load MimicObservationChartevents.ndjson: 500 in 0.90s (557/s)
load MimicObservationChartevents.ndjson: 500 in 0.95s (525/s)
load MimicObservationChartevents.ndjson: 500 in 0.95s (525/s)
load MimicObservationChartevents.ndjson: 500 in 0.93s (541/s)
load MimicObservationChartevents.ndjson: 500 in 0.66s (753/s)
load MimicObservationChartevents.ndjson: 500 in 0.96s (518/s)
load MimicObservationChartevents.ndjson: 500 in 0.87s (575/s)
load MimicObservationChartevents.ndjson: 500 in 0.71s (708/s)
load MimicObservationChartevents.ndjson: 500 in 0.89s (565/s)
load MimicObservationChartevents.ndjson: 500 in 0.97s (518/s)
load MimicObservationChartevents.ndjson: 500 in 0.91s (547/s)
load MimicObservationChartevents.ndjson: 500 in 1.00s (501/s)
load MimicObservationChartevents.ndjson: 500 in 0.91s (549/s)
load MimicObservationChartevents.ndjson: 500 in 0.93s (538/s)
load MimicObservationChartevents.ndjson: 500 in 0.93s (539/s)
load MimicObservationChartevents.ndjson: 500 in 0.66s (758/s)
load MimicObservationChartevents.ndjson: 500 in 0.63s (797/s)
load MimicObservationChartevents.ndjson: 500 in 0.74s (675/s)
load MimicObservationChartevents.ndjson: 500 in 0.64s (778/s)
load MimicObservationChartevents.ndjson: 500 in 0.63s (795/s)
load MimicObservationChartevents.ndjson: 500 in 0.67s (750/s)
load MimicObservationChartevents.ndjson: 500 in 0.66s (760/s)
load MimicObservationChartevents.ndjson: 500 in 0.64s (776/s)
load MimicObservationChartevents.ndjson: 500 in 0.66s (755/s)
load MimicObservationChartevents.ndjson: 500 in 0.70s (717/s)
load MimicObservationChartevents.ndjson: 500 in 0.66s (762/s)
load MimicObservationChartevents.ndjson: 500 in 0.66s (760/s)
load MimicObservationChartevents.ndjson: 500 in 0.64s (787/s)
load MimicObservationChartevents.ndjson: 500 in 0.64s (786/s)
load MimicObservationChartevents.ndjson: 500 in 0.70s (717/s)
load MimicObservationChartevents.ndjson: 500 in 0.64s (782/s)
load MimicObservationChartevents.ndjson: 500 in 0.64s (785/s)
load MimicObservationChartevents.ndjson: 500 in 0.73s (689/s)
load MimicObservationChartevents.ndjson: 500 in 0.65s (765/s)
load MimicObservationChartevents.ndjson: 500 in 0.63s (799/s)
load MimicObservationChartevents.ndjson: 500 in 0.71s (706/s)
load MimicObservationChartevents.ndjson: 500 in 0.64s (779/s)
load MimicObservationChartevents.ndjson: 500 in 0.66s (758/s)
load MimicObservationChartevents.ndjson: 500 in 0.63s (797/s)
load MimicObservationChartevents.ndjson: 500 in 0.64s (779/s)
load MimicObservationChartevents.ndjson: 500 in 0.65s (773/s)
load MimicObservationChartevents.ndjson: 500 in 0.67s (749/s)
load MimicObservationChartevents.ndjson: 500 in 0.65s (767/s)
load MimicObservationChartevents.ndjson: 500 in 0.66s (754/s)
load MimicObservationChartevents.ndjson: 500 in 0.73s (687/s)
load MimicObservationChartevents.ndjson: 500 in 0.65s (775/s)
load MimicObservationChartevents.ndjson: 500 in 0.62s (804/s)
load MimicObservationChartevents.ndjson: 500 in 0.72s (695/s)
load MimicObservationChartevents.ndjson: 500 in 0.66s (758/s)
load MimicObservationChartevents.ndjson: 500 in 0.63s (799/s)
load MimicObservationChartevents.ndjson: 500 in 0.91s (549/s)
load MimicObservationChartevents.ndjson: 500 in 0.96s (518/s)
load MimicObservationChartevents.ndjson: 500 in 0.88s (568/s)
load MimicObservationChartevents.ndjson: 500 in 0.97s (518/s)
load MimicObservationChartevents.ndjson: 500 in 0.94s (532/s)
load MimicObservationChartevents.ndjson: 500 in 0.92s (543/s)
load MimicObservationChartevents.ndjson: 500 in 0.92s (543/s)
load MimicObservationChartevents.ndjson: 500 in 0.94s (535/s)
load MimicObservationChartevents.ndjson: 500 in 0.87s (577/s)
load MimicObservationChartevents.ndjson: 500 in 0.83s (599/s)
load MimicObservationChartevents.ndjson: 500 in 0.68s (741/s)
load MimicObservationChartevents.ndjson: 500 in 0.99s (504/s)
load MimicObservationChartevents.ndjson: 500 in 0.90s (557/s)
load MimicObservationChartevents.ndjson: 500 in 0.92s (544/s)
load MimicObservationChartevents.ndjson: 500 in 0.90s (554/s)
load MimicObservationChartevents.ndjson: 500 in 0.93s (536/s)
load MimicObservationChartevents.ndjson: 500 in 0.94s (534/s)
load MimicObservationChartevents.ndjson: 500 in 0.97s (516/s)
load MimicObservationChartevents.ndjson: 500 in 0.89s (564/s)
load MimicObservationChartevents.ndjson: 500 in 0.68s (739/s)
load MimicObservationChartevents.ndjson: 500 in 0.84s (594/s)
load MimicObservationChartevents.ndjson: 500 in 0.97s (513/s)
load MimicObservationChartevents.ndjson: 500 in 0.95s (529/s)
load MimicObservationChartevents.ndjson: 500 in 1.00s (499/s)
load MimicObservationChartevents.ndjson: 500 in 0.86s (583/s)
load MimicObservationChartevents.ndjson: 500 in 0.74s (677/s)
load MimicObservationChartevents.ndjson: 500 in 0.95s (526/s)
load MimicObservationChartevents.ndjson: 500 in 0.97s (517/s)
load MimicObservationChartevents.ndjson: 500 in 0.70s (712/s)
load MimicObservationChartevents.ndjson: 500 in 0.77s (647/s)
load MimicObservationChartevents.ndjson: 500 in 0.83s (604/s)
load MimicObservationChartevents.ndjson: 500 in 0.69s (723/s)
load MimicObservationChartevents.ndjson: 500 in 0.93s (538/s)
load MimicObservationChartevents.ndjson: 500 in 0.68s (732/s)
load MimicObservationChartevents.ndjson: 500 in 0.85s (588/s)
load MimicObservationChartevents.ndjson: 500 in 0.96s (522/s)
load MimicObservationChartevents.ndjson: 500 in 0.90s (556/s)
load MimicObservationChartevents.ndjson: 500 in 0.96s (522/s)
load MimicObservationChartevents.ndjson: 500 in 0.91s (552/s)
load MimicObservationChartevents.ndjson: 500 in 0.93s (538/s)
load MimicObservationChartevents.ndjson: 500 in 0.93s (539/s)
load MimicObservationChartevents.ndjson: 500 in 0.92s (546/s)
load MimicObservationChartevents.ndjson: 500 in 0.90s (553/s)
load MimicObservationChartevents.ndjson: 500 in 0.65s (768/s)
load MimicObservationChartevents.ndjson: 500 in 0.87s (577/s)
load MimicObservationChartevents.ndjson: 500 in 0.91s (552/s)
load MimicObservationChartevents.ndjson: 500 in 0.91s (552/s)
load MimicObservationChartevents.ndjson: 500 in 0.89s (563/s)
load MimicObservationChartevents.ndjson: 500 in 0.96s (522/s)
load MimicObservationChartevents.ndjson: 500 in 0.93s (540/s)
load MimicObservationChartevents.ndjson: 500 in 0.90s (558/s)
load MimicObservationChartevents.ndjson: 500 in 0.88s (569/s)
load MimicObservationChartevents.ndjson: 500 in 0.67s (747/s)
load MimicObservationChartevents.ndjson: 500 in 0.86s (581/s)
load MimicObservationChartevents.ndjson: 500 in 0.66s (763/s)
load MimicObservationChartevents.ndjson: 500 in 0.92s (541/s)
load MimicObservationChartevents.ndjson: 500 in 0.90s (555/s)
load MimicObservationChartevents.ndjson: 500 in 0.99s (507/s)
load MimicObservationChartevents.ndjson: 500 in 0.90s (557/s)
load MimicObservationChartevents.ndjson: 500 in 0.93s (541/s)
load MimicObservationChartevents.ndjson: 500 in 0.91s (549/s)
load MimicObservationChartevents.ndjson: 500 in 0.94s (532/s)
load MimicObservationChartevents.ndjson: 500 in 0.71s (702/s)
load MimicObservationChartevents.ndjson: 500 in 0.62s (806/s)
load MimicObservationChartevents.ndjson: 500 in 0.63s (800/s)
load MimicObservationChartevents.ndjson: 500 in 0.70s (713/s)
load MimicObservationChartevents.ndjson: 500 in 0.62s (804/s)
load MimicObservationChartevents.ndjson: 500 in 0.62s (805/s)
load MimicObservationChartevents.ndjson: 500 in 0.74s (677/s)
load MimicObservationChartevents.ndjson: 500 in 0.63s (794/s)
load MimicObservationChartevents.ndjson: 500 in 0.64s (785/s)
load MimicObservationChartevents.ndjson: 500 in 0.72s (690/s)
load MimicObservationChartevents.ndjson: 500 in 0.63s (794/s)
load MimicObservationChartevents.ndjson: 500 in 0.65s (773/s)
load MimicObservationChartevents.ndjson: 500 in 0.64s (786/s)
load MimicObservationChartevents.ndjson: 500 in 0.63s (800/s)
load MimicObservationChartevents.ndjson: 500 in 0.66s (756/s)
load MimicObservationChartevents.ndjson: 500 in 0.68s (736/s)
load MimicObservationChartevents.ndjson: 500 in 0.63s (790/s)
load MimicObservationChartevents.ndjson: 500 in 0.60s (828/s)
load MimicObservationChartevents.ndjson: 500 in 0.71s (700/s)
load MimicObservationChartevents.ndjson: 500 in 0.58s (865/s)
load MimicObservationChartevents.ndjson: 500 in 0.65s (773/s)
load MimicObservationChartevents.ndjson: 500 in 0.70s (712/s)
load MimicObservationChartevents.ndjson: 500 in 0.61s (824/s)
load MimicObservationChartevents.ndjson: 500 in 0.66s (759/s)
load MimicObservationChartevents.ndjson: 500 in 0.59s (842/s)
load MimicObservationChartevents.ndjson: 500 in 0.62s (806/s)
load MimicObservationChartevents.ndjson: 500 in 0.68s (733/s)
load MimicObservationChartevents.ndjson: 500 in 0.62s (801/s)
load MimicObservationChartevents.ndjson: 500 in 0.61s (820/s)
load MimicObservationChartevents.ndjson: 500 in 0.64s (785/s)
load MimicObservationChartevents.ndjson: 500 in 0.64s (781/s)
load MimicObservationChartevents.ndjson: 500 in 0.65s (773/s)
load MimicObservationChartevents.ndjson: 500 in 0.63s (800/s)
load MimicObservationChartevents.ndjson: 500 in 0.72s (696/s)
load MimicObservationChartevents.ndjson: 500 in 0.64s (779/s)
load MimicObservationChartevents.ndjson: 500 in 0.69s (730/s)
load MimicObservationChartevents.ndjson: 500 in 0.66s (760/s)
load MimicObservationChartevents.ndjson: 500 in 0.64s (781/s)
load MimicObservationChartevents.ndjson: 500 in 0.66s (760/s)
load MimicObservationChartevents.ndjson: 500 in 0.67s (742/s)
load MimicObservationChartevents.ndjson: 500 in 0.64s (780/s)
load MimicObservationChartevents.ndjson: 500 in 0.70s (714/s)
load MimicObservationChartevents.ndjson: 500 in 0.62s (812/s)
load MimicObservationChartevents.ndjson: 500 in 0.62s (812/s)
load MimicObservationChartevents.ndjson: 500 in 0.72s (698/s)
load MimicObservationChartevents.ndjson: 500 in 0.62s (810/s)
load MimicObservationChartevents.ndjson: 500 in 0.72s (690/s)
load MimicObservationChartevents.ndjson: 500 in 0.66s (763/s)
load MimicObservationChartevents.ndjson: 500 in 0.64s (784/s)
load MimicObservationChartevents.ndjson: 500 in 0.62s (801/s)
load MimicObservationChartevents.ndjson: 500 in 0.68s (737/s)
load MimicObservationChartevents.ndjson: 500 in 0.63s (795/s)
load MimicObservationChartevents.ndjson: 500 in 0.64s (776/s)
load MimicObservationChartevents.ndjson: 500 in 0.69s (724/s)
load MimicObservationChartevents.ndjson: 500 in 0.66s (754/s)
load MimicObservationChartevents.ndjson: 500 in 0.69s (725/s)
load MimicObservationChartevents.ndjson: 500 in 0.68s (734/s)
load MimicObservationChartevents.ndjson: 500 in 0.61s (816/s)
load MimicObservationChartevents.ndjson: 500 in 0.68s (732/s)
load MimicObservationChartevents.ndjson: 500 in 0.92s (543/s)
load MimicObservationChartevents.ndjson: 500 in 0.91s (549/s)
load MimicObservationChartevents.ndjson: 500 in 0.70s (709/s)
load MimicObservationChartevents.ndjson: 500 in 0.77s (649/s)
load MimicObservationChartevents.ndjson: 500 in 0.92s (541/s)
load MimicObservationChartevents.ndjson: 500 in 0.93s (540/s)
load MimicObservationChartevents.ndjson: 500 in 0.89s (560/s)
load MimicObservationChartevents.ndjson: 500 in 0.91s (549/s)
load MimicObservationChartevents.ndjson: 500 in 0.91s (552/s)
load MimicObservationChartevents.ndjson: 500 in 0.92s (545/s)
load MimicObservationChartevents.ndjson: 500 in 0.81s (620/s)
load MimicObservationChartevents.ndjson: 500 in 0.68s (733/s)
load MimicObservationChartevents.ndjson: 500 in 0.89s (565/s)
load MimicObservationChartevents.ndjson: 500 in 0.92s (542/s)
load MimicObservationChartevents.ndjson: 500 in 0.90s (554/s)
load MimicObservationChartevents.ndjson: 500 in 0.90s (557/s)
load MimicObservationChartevents.ndjson: 500 in 0.93s (538/s)
load MimicObservationChartevents.ndjson: 500 in 0.92s (546/s)
load MimicObservationChartevents.ndjson: 500 in 0.91s (551/s)
load MimicObservationChartevents.ndjson: 500 in 0.90s (553/s)
load MimicObservationChartevents.ndjson: 500 in 0.97s (518/s)
load MimicObservationChartevents.ndjson: 500 in 0.67s (746/s)
load MimicObservationChartevents.ndjson: 500 in 0.79s (631/s)
load MimicObservationChartevents.ndjson: 500 in 0.91s (550/s)
load MimicObservationChartevents.ndjson: 500 in 0.95s (526/s)
load MimicObservationChartevents.ndjson: 500 in 0.93s (535/s)
load MimicObservationChartevents.ndjson: 500 in 0.95s (525/s)
load MimicObservationChartevents.ndjson: 500 in 0.90s (556/s)
load MimicObservationChartevents.ndjson: 500 in 0.92s (546/s)
load MimicObservationChartevents.ndjson: 500 in 0.93s (541/s)
load MimicObservationChartevents.ndjson: 500 in 0.90s (557/s)
load MimicObservationChartevents.ndjson: 500 in 0.93s (537/s)
load MimicObservationChartevents.ndjson: 500 in 0.86s (578/s)
load MimicObservationChartevents.ndjson: 500 in 0.69s (720/s)
load MimicObservationChartevents.ndjson: 500 in 0.84s (594/s)
load MimicObservationChartevents.ndjson: 500 in 0.96s (522/s)
load MimicObservationChartevents.ndjson: 500 in 0.94s (531/s)
load MimicObservationChartevents.ndjson: 500 in 0.90s (556/s)
load MimicObservationChartevents.ndjson: 500 in 0.90s (555/s)
load MimicObservationChartevents.ndjson: 500 in 0.86s (579/s)
load MimicObservationChartevents.ndjson: 500 in 0.66s (755/s)
load MimicObservationChartevents.ndjson: 500 in 0.92s (546/s)
load MimicObservationChartevents.ndjson: 500 in 0.94s (529/s)
load MimicObservationChartevents.ndjson: 500 in 0.93s (541/s)
load MimicObservationChartevents.ndjson: 500 in 0.79s (630/s)
load MimicObservationChartevents.ndjson: 500 in 0.72s (696/s)
load MimicObservationChartevents.ndjson: 500 in 0.87s (574/s)
load MimicObservationChartevents.ndjson: 500 in 0.90s (559/s)
load MimicObservationChartevents.ndjson: 500 in 0.89s (562/s)
load MimicObservationChartevents.ndjson: 500 in 0.95s (524/s)
load MimicObservationChartevents.ndjson: 500 in 0.92s (542/s)
load MimicObservationChartevents.ndjson: 500 in 0.96s (522/s)
load MimicObservationChartevents.ndjson: 500 in 0.93s (535/s)
load MimicObservationChartevents.ndjson: 500 in 0.90s (556/s)
load MimicObservationChartevents.ndjson: 500 in 0.91s (548/s)
load MimicObservationChartevents.ndjson: 500 in 0.96s (519/s)
load MimicObservationChartevents.ndjson: 500 in 0.94s (530/s)
load MimicObservationChartevents.ndjson: 500 in 0.90s (559/s)
load MimicObservationChartevents.ndjson: 500 in 0.95s (528/s)
load MimicObservationChartevents.ndjson: 500 in 0.86s (578/s)
load MimicObservationChartevents.ndjson: 500 in 0.90s (556/s)
load MimicObservationChartevents.ndjson: 500 in 0.64s (778/s)
load MimicObservationChartevents.ndjson: 500 in 0.78s (645/s)
load MimicObservationChartevents.ndjson: 500 in 0.91s (549/s)
load MimicObservationChartevents.ndjson: 500 in 0.92s (543/s)
load MimicObservationChartevents.ndjson: 500 in 0.90s (555/s)
load MimicObservationChartevents.ndjson: 500 in 0.90s (557/s)
load MimicObservationChartevents.ndjson: 500 in 0.88s (568/s)
load MimicObservationChartevents.ndjson: 500 in 0.90s (556/s)
load MimicObservationChartevents.ndjson: 500 in 0.92s (543/s)
load MimicObservationChartevents.ndjson: 500 in 0.88s (570/s)
load MimicObservationChartevents.ndjson: 500 in 0.87s (575/s)
load MimicObservationChartevents.ndjson: 500 in 0.69s (728/s)
load MimicObservationChartevents.ndjson: 500 in 0.73s (688/s)
load MimicObservationChartevents.ndjson: 500 in 0.90s (556/s)
load MimicObservationChartevents.ndjson: 500 in 0.90s (554/s)
load MimicObservationChartevents.ndjson: 500 in 0.79s (634/s)
load MimicObservationChartevents.ndjson: 500 in 0.69s (725/s)
load MimicObservationChartevents.ndjson: 500 in 0.93s (535/s)
load MimicObservationChartevents.ndjson: 500 in 0.89s (562/s)
load MimicObservationChartevents.ndjson: 500 in 0.90s (556/s)
load MimicObservationChartevents.ndjson: 500 in 0.89s (561/s)
load MimicObservationChartevents.ndjson: 500 in 0.88s (568/s)
load MimicObservationChartevents.ndjson: 500 in 0.92s (544/s)
load MimicObservationChartevents.ndjson: 500 in 0.90s (556/s)
load MimicObservationChartevents.ndjson: 500 in 0.90s (556/s)
load MimicObservationChartevents.ndjson: 500 in 0.69s (725/s)
load MimicObservationChartevents.ndjson: 500 in 0.66s (758/s)
load MimicObservationChartevents.ndjson: 500 in 0.65s (775/s)
load MimicObservationChartevents.ndjson: 500 in 0.68s (731/s)
load MimicObservationChartevents.ndjson: 500 in 0.60s (828/s)
load MimicObservationChartevents.ndjson: 500 in 0.63s (799/s)
load MimicObservationChartevents.ndjson: 500 in 0.68s (736/s)
load MimicObservationChartevents.ndjson: 500 in 0.63s (795/s)
load MimicObservationChartevents.ndjson: 500 in 0.63s (800/s)
load MimicObservationChartevents.ndjson: 500 in 0.72s (697/s)
load MimicObservationChartevents.ndjson: 500 in 0.63s (790/s)
load MimicObservationChartevents.ndjson: 500 in 0.63s (794/s)
load MimicObservationChartevents.ndjson: 500 in 0.64s (781/s)
load MimicObservationChartevents.ndjson: 500 in 0.60s (831/s)
load MimicObservationChartevents.ndjson: 500 in 0.66s (754/s)
load MimicObservationChartevents.ndjson: 500 in 0.61s (820/s)
load MimicObservationChartevents.ndjson: 500 in 0.63s (795/s)
load MimicObservationChartevents.ndjson: 500 in 0.70s (715/s)
load MimicObservationChartevents.ndjson: 500 in 0.62s (812/s)
load MimicObservationChartevents.ndjson: 500 in 0.64s (779/s)
load MimicObservationChartevents.ndjson: 500 in 0.68s (731/s)
load MimicObservationChartevents.ndjson: 500 in 0.60s (835/s)
load MimicObservationChartevents.ndjson: 500 in 0.59s (840/s)
load MimicObservationChartevents.ndjson: 500 in 0.60s (832/s)
load MimicObservationChartevents.ndjson: 500 in 0.62s (812/s)
load MimicObservationChartevents.ndjson: 500 in 0.63s (796/s)
load MimicObservationChartevents.ndjson: 500 in 0.69s (729/s)
load MimicObservationChartevents.ndjson: 500 in 0.61s (821/s)
load MimicObservationChartevents.ndjson: 500 in 0.63s (789/s)
load MimicObservationChartevents.ndjson: 500 in 0.67s (744/s)
load MimicObservationChartevents.ndjson: 500 in 0.62s (812/s)
load MimicObservationChartevents.ndjson: 500 in 0.62s (812/s)
load MimicObservationChartevents.ndjson: 500 in 0.70s (712/s)
load MimicObservationChartevents.ndjson: 500 in 0.60s (829/s)
load MimicObservationChartevents.ndjson: 500 in 0.59s (840/s)
load MimicObservationChartevents.ndjson: 500 in 0.59s (843/s)
load MimicObservationChartevents.ndjson: 500 in 0.60s (839/s)
load MimicObservationChartevents.ndjson: 500 in 0.67s (752/s)
load MimicObservationChartevents.ndjson: 500 in 0.63s (800/s)
load MimicObservationChartevents.ndjson: 500 in 0.61s (814/s)
load MimicObservationChartevents.ndjson: 500 in 0.71s (702/s)
load MimicObservationChartevents.ndjson: 500 in 0.72s (693/s)
load MimicObservationChartevents.ndjson: 500 in 0.70s (710/s)
load MimicObservationChartevents.ndjson: 500 in 0.75s (667/s)
load MimicObservationChartevents.ndjson: 500 in 0.69s (719/s)
load MimicObservationChartevents.ndjson: 500 in 0.66s (758/s)
load MimicObservationChartevents.ndjson: 500 in 0.78s (641/s)
load MimicObservationChartevents.ndjson: 500 in 0.92s (544/s)
load MimicObservationChartevents.ndjson: 500 in 0.98s (508/s)
load MimicObservationChartevents.ndjson: 500 in 0.94s (532/s)
load MimicObservationChartevents.ndjson: 500 in 0.90s (555/s)
load MimicObservationChartevents.ndjson: 500 in 0.91s (551/s)
load MimicObservationChartevents.ndjson: 500 in 0.87s (573/s)
load MimicObservationChartevents.ndjson: 500 in 0.66s (762/s)
load MimicObservationChartevents.ndjson: 500 in 0.82s (611/s)
load MimicObservationChartevents.ndjson: 500 in 0.92s (545/s)
load MimicObservationChartevents.ndjson: 500 in 0.88s (571/s)
load MimicObservationChartevents.ndjson: 500 in 0.89s (562/s)
load MimicObservationChartevents.ndjson: 500 in 0.71s (699/s)
load MimicObservationChartevents.ndjson: 500 in 0.74s (678/s)
load MimicObservationChartevents.ndjson: 500 in 0.90s (554/s)
load MimicObservationChartevents.ndjson: 500 in 0.93s (538/s)
load MimicObservationChartevents.ndjson: 500 in 0.93s (536/s)
load MimicObservationChartevents.ndjson: 500 in 0.89s (562/s)
load MimicObservationChartevents.ndjson: 500 in 0.89s (563/s)
load MimicObservationChartevents.ndjson: 500 in 0.79s (637/s)
load MimicObservationChartevents.ndjson: 500 in 0.70s (712/s)
load MimicObservationChartevents.ndjson: 500 in 0.91s (547/s)
load MimicObservationChartevents.ndjson: 500 in 0.88s (569/s)
load MimicObservationChartevents.ndjson: 500 in 0.67s (744/s)
load MimicObservationChartevents.ndjson: 500 in 0.88s (568/s)
load MimicObservationChartevents.ndjson: 500 in 0.87s (575/s)
load MimicObservationChartevents.ndjson: 500 in 0.67s (743/s)
load MimicObservationChartevents.ndjson: 500 in 0.88s (570/s)
load MimicObservationChartevents.ndjson: 500 in 0.68s (732/s)
load MimicObservationChartevents.ndjson: 500 in 0.77s (652/s)
load MimicObservationChartevents.ndjson: 500 in 0.92s (546/s)
load MimicObservationChartevents.ndjson: 500 in 0.91s (547/s)
load MimicObservationChartevents.ndjson: 500 in 0.94s (534/s)
load MimicObservationChartevents.ndjson: 500 in 0.90s (553/s)
load MimicObservationChartevents.ndjson: 500 in 0.93s (536/s)
load MimicObservationChartevents.ndjson: 500 in 0.88s (566/s)
load MimicObservationChartevents.ndjson: 500 in 0.70s (716/s)
load MimicObservationChartevents.ndjson: 500 in 0.77s (649/s)
load MimicObservationChartevents.ndjson: 500 in 0.96s (521/s)
load MimicObservationChartevents.ndjson: 500 in 0.69s (730/s)
load MimicObservationChartevents.ndjson: 500 in 0.74s (678/s)
load MimicObservationChartevents.ndjson: 500 in 0.85s (585/s)
load MimicObservationChartevents.ndjson: 500 in 0.72s (695/s)
load MimicObservationChartevents.ndjson: 500 in 0.89s (562/s)
load MimicObservationChartevents.ndjson: 500 in 0.87s (575/s)
load MimicObservationChartevents.ndjson: 500 in 0.94s (530/s)
load MimicObservationChartevents.ndjson: 500 in 0.90s (557/s)
load MimicObservationChartevents.ndjson: 500 in 0.85s (587/s)
load MimicObservationChartevents.ndjson: 500 in 0.59s (840/s)
load MimicObservationChartevents.ndjson: 500 in 0.63s (794/s)
load MimicObservationChartevents.ndjson: 500 in 0.65s (773/s)
load MimicObservationChartevents.ndjson: 500 in 0.63s (790/s)
load MimicObservationChartevents.ndjson: 500 in 0.62s (803/s)
load MimicObservationChartevents.ndjson: 500 in 0.70s (710/s)
load MimicObservationChartevents.ndjson: 500 in 0.68s (735/s)
load MimicObservationChartevents.ndjson: 500 in 0.62s (803/s)
load MimicObservationChartevents.ndjson: 500 in 0.67s (745/s)
load MimicObservationChartevents.ndjson: 500 in 0.64s (782/s)
load MimicObservationChartevents.ndjson: 500 in 0.66s (763/s)
load MimicObservationChartevents.ndjson: 500 in 0.68s (739/s)
load MimicObservationChartevents.ndjson: 500 in 0.66s (758/s)
load MimicObservationChartevents.ndjson: 500 in 0.63s (794/s)
load MimicObservationChartevents.ndjson: 500 in 0.71s (701/s)
load MimicObservationChartevents.ndjson: 500 in 0.61s (820/s)
load MimicObservationChartevents.ndjson: 500 in 0.65s (766/s)
load MimicObservationChartevents.ndjson: 500 in 0.72s (696/s)
load MimicObservationChartevents.ndjson: 500 in 0.68s (739/s)
load MimicObservationChartevents.ndjson: 500 in 0.64s (780/s)
load MimicObservationChartevents.ndjson: 500 in 0.71s (704/s)
load MimicObservationChartevents.ndjson: 500 in 0.63s (789/s)
load MimicObservationChartevents.ndjson: 500 in 0.61s (818/s)
load MimicObservationChartevents.ndjson: 500 in 0.64s (786/s)
load MimicObservationChartevents.ndjson: 500 in 0.68s (741/s)
load MimicObservationChartevents.ndjson: 500 in 0.68s (737/s)
load MimicObservationChartevents.ndjson: 500 in 0.66s (754/s)
load MimicObservationChartevents.ndjson: 500 in 0.65s (772/s)
load MimicObservationChartevents.ndjson: 500 in 0.72s (695/s)
load MimicObservationChartevents.ndjson: 500 in 0.65s (775/s)
load MimicObservationChartevents.ndjson: 500 in 0.74s (672/s)
load MimicObservationChartevents.ndjson: 500 in 0.72s (695/s)
load MimicObservationChartevents.ndjson: 500 in 0.63s (797/s)
load MimicObservationChartevents.ndjson: 500 in 0.65s (767/s)
load MimicObservationChartevents.ndjson: 500 in 0.76s (660/s)
load MimicObservationChartevents.ndjson: 500 in 1.02s (492/s)
load MimicObservationChartevents.ndjson: 500 in 0.97s (517/s)
load MimicObservationChartevents.ndjson: 500 in 0.90s (555/s)
load MimicObservationChartevents.ndjson: 500 in 0.94s (534/s)
load MimicObservationChartevents.ndjson: 500 in 0.91s (552/s)
load MimicObservationChartevents.ndjson: 500 in 0.81s (618/s)
load MimicObservationChartevents.ndjson: 500 in 0.72s (691/s)
load MimicObservationChartevents.ndjson: 500 in 0.87s (576/s)
load MimicObservationChartevents.ndjson: 500 in 0.97s (518/s)
load MimicObservationChartevents.ndjson: 500 in 0.95s (524/s)
load MimicObservationChartevents.ndjson: 500 in 0.91s (552/s)
load MimicObservationChartevents.ndjson: 500 in 0.84s (594/s)
load MimicObservationChartevents.ndjson: 500 in 0.66s (761/s)
load MimicObservationChartevents.ndjson: 500 in 0.94s (535/s)
load MimicObservationChartevents.ndjson: 500 in 0.98s (510/s)
load MimicObservationChartevents.ndjson: 500 in 0.93s (538/s)
load MimicObservationChartevents.ndjson: 500 in 0.73s (680/s)
load MimicObservationChartevents.ndjson: 500 in 0.72s (693/s)
load MimicObservationChartevents.ndjson: 500 in 0.98s (508/s)
load MimicObservationChartevents.ndjson: 500 in 0.99s (503/s)
load MimicObservationChartevents.ndjson: 500 in 0.74s (671/s)
load MimicObservationChartevents.ndjson: 500 in 0.75s (668/s)
load MimicObservationChartevents.ndjson: 500 in 0.94s (530/s)
load MimicObservationChartevents.ndjson: 500 in 0.93s (540/s)
load MimicObservationChartevents.ndjson: 500 in 1.01s (496/s)
load MimicObservationChartevents.ndjson: 500 in 0.67s (752/s)
load MimicObservationChartevents.ndjson: 500 in 0.81s (621/s)
load MimicObservationChartevents.ndjson: 500 in 0.79s (633/s)
load MimicObservationChartevents.ndjson: 500 in 0.66s (754/s)
load MimicObservationChartevents.ndjson: 500 in 0.88s (571/s)
load MimicObservationChartevents.ndjson: 500 in 0.95s (526/s)
load MimicObservationChartevents.ndjson: 500 in 0.90s (556/s)
load MimicObservationChartevents.ndjson: 500 in 0.94s (532/s)
load MimicObservationChartevents.ndjson: 500 in 0.89s (564/s)
load MimicObservationChartevents.ndjson: 500 in 0.92s (544/s)
load MimicObservationChartevents.ndjson: 500 in 0.92s (542/s)
load MimicObservationChartevents.ndjson: 500 in 0.92s (546/s)
load MimicObservationChartevents.ndjson: 500 in 0.86s (579/s)
load MimicObservationChartevents.ndjson: 500 in 0.93s (539/s)
load MimicObservationChartevents.ndjson: 500 in 0.86s (579/s)
load MimicObservationChartevents.ndjson: 500 in 0.66s (753/s)
load MimicObservationChartevents.ndjson: 500 in 0.78s (638/s)
load MimicObservationChartevents.ndjson: 500 in 0.87s (573/s)
load MimicObservationChartevents.ndjson: 500 in 0.63s (799/s)
load MimicObservationChartevents.ndjson: 500 in 0.94s (530/s)
load MimicObservationChartevents.ndjson: 500 in 0.68s (733/s)
load MimicObservationChartevents.ndjson: 500 in 0.87s (576/s)
load MimicObservationChartevents.ndjson: 500 in 0.93s (536/s)
load MimicObservationChartevents.ndjson: 500 in 0.93s (541/s)
load MimicObservationChartevents.ndjson: 500 in 0.92s (545/s)
load MimicObservationChartevents.ndjson: 500 in 0.89s (561/s)
load MimicObservationChartevents.ndjson: 500 in 0.94s (531/s)
load MimicObservationChartevents.ndjson: 500 in 0.92s (543/s)
load MimicObservationChartevents.ndjson: 500 in 0.93s (539/s)
load MimicObservationChartevents.ndjson: 500 in 0.61s (822/s)
load MimicObservationChartevents.ndjson: 500 in 0.63s (790/s)
load MimicObservationChartevents.ndjson: 500 in 0.66s (762/s)
load MimicObservationChartevents.ndjson: 500 in 0.62s (804/s)
load MimicObservationChartevents.ndjson: 500 in 0.65s (768/s)
load MimicObservationChartevents.ndjson: 500 in 0.63s (792/s)
load MimicObservationChartevents.ndjson: 500 in 0.64s (784/s)
load MimicObservationChartevents.ndjson: 500 in 0.64s (785/s)
load MimicObservationChartevents.ndjson: 500 in 0.62s (801/s)
load MimicObservationChartevents.ndjson: 500 in 0.68s (739/s)
load MimicObservationChartevents.ndjson: 500 in 0.61s (818/s)
load MimicObservationChartevents.ndjson: 500 in 0.63s (796/s)
load MimicObservationChartevents.ndjson: 500 in 0.64s (776/s)
load MimicObservationChartevents.ndjson: 500 in 0.63s (800/s)
load MimicObservationChartevents.ndjson: 500 in 0.71s (704/s)
load MimicObservationChartevents.ndjson: 500 in 0.65s (772/s)
load MimicObservationChartevents.ndjson: 500 in 0.61s (817/s)
load MimicObservationChartevents.ndjson: 500 in 0.68s (732/s)
load MimicObservationChartevents.ndjson: 500 in 0.65s (767/s)
load MimicObservationChartevents.ndjson: 500 in 0.63s (791/s)
load MimicObservationChartevents.ndjson: 500 in 0.68s (735/s)
load MimicObservationChartevents.ndjson: 500 in 0.62s (812/s)
load MimicObservationChartevents.ndjson: 500 in 0.62s (805/s)
load MimicObservationChartevents.ndjson: 500 in 0.62s (809/s)
load MimicObservationChartevents.ndjson: 500 in 0.63s (799/s)
load MimicObservationChartevents.ndjson: 500 in 0.61s (816/s)
load MimicObservationChartevents.ndjson: 500 in 0.68s (733/s)
load MimicObservationChartevents.ndjson: 500 in 0.62s (808/s)
load MimicObservationChartevents.ndjson: 500 in 0.63s (790/s)
load MimicObservationChartevents.ndjson: 500 in 0.73s (684/s)
load MimicObservationChartevents.ndjson: 500 in 0.65s (772/s)
load MimicObservationChartevents.ndjson: 500 in 0.64s (780/s)
load MimicObservationChartevents.ndjson: 500 in 0.68s (731/s)
load MimicObservationChartevents.ndjson: 500 in 0.71s (704/s)
load MimicObservationChartevents.ndjson: 500 in 0.61s (817/s)
load MimicObservationChartevents.ndjson: 500 in 0.61s (816/s)
load MimicObservationChartevents.ndjson: 500 in 0.64s (778/s)
load MimicObservationChartevents.ndjson: 500 in 0.61s (814/s)
load MimicObservationChartevents.ndjson: 500 in 0.65s (766/s)
load MimicObservationChartevents.ndjson: 500 in 0.61s (814/s)
load MimicObservationChartevents.ndjson: 500 in 0.62s (812/s)
load MimicObservationChartevents.ndjson: 500 in 0.67s (746/s)
load MimicObservationChartevents.ndjson: 500 in 0.66s (763/s)
load MimicObservationChartevents.ndjson: 500 in 0.62s (808/s)
load MimicObservationChartevents.ndjson: 500 in 0.67s (752/s)
load MimicObservationChartevents.ndjson: 500 in 0.61s (820/s)
load MimicObservationChartevents.ndjson: 500 in 0.66s (755/s)
load MimicObservationChartevents.ndjson: 500 in 0.87s (577/s)
load MimicObservationChartevents.ndjson: 500 in 0.92s (546/s)
load MimicObservationChartevents.ndjson: 500 in 0.95s (524/s)
load MimicObservationChartevents.ndjson: 500 in 0.91s (547/s)
load MimicObservationChartevents.ndjson: 500 in 0.95s (528/s)
load MimicObservationChartevents.ndjson: 500 in 0.90s (555/s)
load MimicObservationChartevents.ndjson: 500 in 0.70s (713/s)
load MimicObservationChartevents.ndjson: 500 in 0.80s (627/s)
load MimicObservationChartevents.ndjson: 500 in 0.98s (512/s)
load MimicObservationChartevents.ndjson: 500 in 0.92s (544/s)
load MimicObservationChartevents.ndjson: 500 in 0.87s (573/s)
load MimicObservationChartevents.ndjson: 500 in 0.67s (744/s)
load MimicObservationChartevents.ndjson: 500 in 0.91s (552/s)
load MimicObservationChartevents.ndjson: 500 in 0.96s (522/s)
load MimicObservationChartevents.ndjson: 500 in 0.91s (552/s)
load MimicObservationChartevents.ndjson: 500 in 0.88s (568/s)
load MimicObservationChartevents.ndjson: 500 in 0.72s (691/s)
load MimicObservationChartevents.ndjson: 500 in 0.97s (514/s)
load MimicObservationChartevents.ndjson: 500 in 0.89s (561/s)
load MimicObservationChartevents.ndjson: 500 in 0.89s (563/s)
load MimicObservationChartevents.ndjson: 500 in 0.67s (751/s)
load MimicObservationChartevents.ndjson: 500 in 0.95s (529/s)
load MimicObservationChartevents.ndjson: 500 in 0.70s (710/s)
load MimicObservationChartevents.ndjson: 500 in 0.74s (674/s)
load MimicObservationChartevents.ndjson: 500 in 0.83s (604/s)
load MimicObservationChartevents.ndjson: 500 in 0.70s (711/s)
load MimicObservationChartevents.ndjson: 500 in 0.99s (507/s)
load MimicObservationChartevents.ndjson: 500 in 0.96s (518/s)
load MimicObservationChartevents.ndjson: 500 in 0.99s (507/s)
load MimicObservationChartevents.ndjson: 500 in 0.96s (522/s)
load MimicObservationChartevents.ndjson: 500 in 0.99s (504/s)
load MimicObservationChartevents.ndjson: 500 in 0.81s (620/s)
load MimicObservationChartevents.ndjson: 500 in 0.69s (723/s)
load MimicObservationChartevents.ndjson: 500 in 0.93s (538/s)
load MimicObservationChartevents.ndjson: 500 in 0.96s (523/s)
load MimicObservationChartevents.ndjson: 500 in 0.80s (627/s)
load MimicObservationChartevents.ndjson: 500 in 0.77s (650/s)
load MimicObservationChartevents.ndjson: 500 in 0.88s (570/s)
load MimicObservationChartevents.ndjson: 500 in 0.70s (716/s)
load MimicObservationChartevents.ndjson: 500 in 0.86s (579/s)
load MimicObservationChartevents.ndjson: 500 in 0.95s (524/s)
load MimicObservationChartevents.ndjson: 500 in 0.99s (505/s)
load MimicObservationChartevents.ndjson: 500 in 1.00s (498/s)
load MimicObservationChartevents.ndjson: 500 in 0.91s (550/s)
load MimicObservationChartevents.ndjson: 500 in 0.93s (536/s)
load MimicObservationChartevents.ndjson: 500 in 0.93s (538/s)
load MimicObservationChartevents.ndjson: 500 in 0.92s (543/s)
load MimicObservationChartevents.ndjson: 500 in 0.74s (675/s)
load MimicObservationChartevents.ndjson: 500 in 0.65s (770/s)
load MimicObservationChartevents.ndjson: 500 in 0.62s (801/s)
load MimicObservationChartevents.ndjson: 500 in 0.72s (693/s)
load MimicObservationChartevents.ndjson: 500 in 0.64s (785/s)
load MimicObservationChartevents.ndjson: 500 in 0.63s (796/s)
load MimicObservationChartevents.ndjson: 500 in 0.68s (739/s)
load MimicObservationChartevents.ndjson: 500 in 0.61s (824/s)
load MimicObservationChartevents.ndjson: 500 in 0.61s (824/s)
load MimicObservationChartevents.ndjson: 500 in 0.70s (711/s)
load MimicObservationChartevents.ndjson: 500 in 0.65s (766/s)
load MimicObservationChartevents.ndjson: 500 in 0.61s (813/s)
load MimicObservationChartevents.ndjson: 500 in 0.63s (794/s)
load MimicObservationChartevents.ndjson: 500 in 0.62s (809/s)
load MimicObservationChartevents.ndjson: 500 in 0.70s (718/s)
load MimicObservationChartevents.ndjson: 500 in 0.60s (828/s)
load MimicObservationChartevents.ndjson: 500 in 0.64s (778/s)
load MimicObservationChartevents.ndjson: 500 in 0.71s (705/s)
load MimicObservationChartevents.ndjson: 500 in 0.60s (829/s)
load MimicObservationChartevents.ndjson: 500 in 0.67s (749/s)
load MimicObservationChartevents.ndjson: 500 in 0.67s (747/s)
load MimicObservationChartevents.ndjson: 500 in 0.66s (754/s)
load MimicObservationChartevents.ndjson: 500 in 0.64s (784/s)
load MimicObservationChartevents.ndjson: 500 in 0.62s (804/s)
load MimicObservationChartevents.ndjson: 500 in 0.64s (778/s)
load MimicObservationChartevents.ndjson: 500 in 0.68s (737/s)
load MimicObservationChartevents.ndjson: 500 in 0.65s (773/s)
load MimicObservationChartevents.ndjson: 500 in 0.63s (795/s)
load MimicObservationChartevents.ndjson: 500 in 0.66s (759/s)
load MimicObservationChartevents.ndjson: 500 in 0.61s (820/s)
load MimicObservationChartevents.ndjson: 500 in 0.65s (768/s)
load MimicObservationChartevents.ndjson: 500 in 0.70s (716/s)
load MimicObservationChartevents.ndjson: 500 in 0.64s (785/s)
load MimicObservationChartevents.ndjson: 500 in 0.64s (786/s)
load MimicObservationChartevents.ndjson: 500 in 0.62s (803/s)
load MimicObservationChartevents.ndjson: 500 in 0.64s (776/s)
load MimicObservationChartevents.ndjson: 500 in 0.60s (832/s)
load MimicObservationChartevents.ndjson: 500 in 0.72s (690/s)
load MimicObservationChartevents.ndjson: 500 in 0.64s (780/s)
load MimicObservationChartevents.ndjson: 500 in 0.61s (818/s)
load MimicObservationChartevents.ndjson: 500 in 0.68s (732/s)
load MimicObservationChartevents.ndjson: 500 in 0.61s (813/s)
load MimicObservationChartevents.ndjson: 500 in 0.65s (775/s)
load MimicObservationChartevents.ndjson: 500 in 0.69s (727/s)
load MimicObservationChartevents.ndjson: 500 in 0.61s (820/s)
load MimicObservationChartevents.ndjson: 500 in 0.70s (718/s)
load MimicObservationChartevents.ndjson: 500 in 0.91s (551/s)
load MimicObservationChartevents.ndjson: 500 in 0.91s (552/s)
load MimicObservationChartevents.ndjson: 500 in 0.93s (536/s)
load MimicObservationChartevents.ndjson: 500 in 0.92s (543/s)
load MimicObservationChartevents.ndjson: 500 in 0.92s (541/s)
load MimicObservationChartevents.ndjson: 500 in 0.90s (558/s)
load MimicObservationChartevents.ndjson: 500 in 0.91s (551/s)
load MimicObservationChartevents.ndjson: 500 in 0.93s (541/s)
load MimicObservationChartevents.ndjson: 500 in 0.93s (536/s)
load MimicObservationChartevents.ndjson: 500 in 0.89s (561/s)
load MimicObservationChartevents.ndjson: 500 in 0.67s (745/s)
load MimicObservationChartevents.ndjson: 500 in 0.81s (621/s)
load MimicObservationChartevents.ndjson: 500 in 0.91s (551/s)
load MimicObservationChartevents.ndjson: 500 in 0.91s (549/s)
load MimicObservationChartevents.ndjson: 500 in 0.90s (558/s)
load MimicObservationChartevents.ndjson: 500 in 0.95s (524/s)
load MimicObservationChartevents.ndjson: 500 in 0.91s (552/s)
load MimicObservationChartevents.ndjson: 500 in 0.88s (570/s)
load MimicObservationChartevents.ndjson: 500 in 0.91s (552/s)
load MimicObservationChartevents.ndjson: 500 in 0.91s (551/s)
load MimicObservationChartevents.ndjson: 500 in 0.94s (533/s)
load MimicObservationChartevents.ndjson: 500 in 0.96s (518/s)
load MimicObservationChartevents.ndjson: 500 in 0.81s (618/s)
load MimicObservationChartevents.ndjson: 500 in 0.70s (715/s)
load MimicObservationChartevents.ndjson: 500 in 0.92s (546/s)
load MimicObservationChartevents.ndjson: 500 in 0.92s (543/s)
load MimicObservationChartevents.ndjson: 500 in 0.98s (509/s)
load MimicObservationChartevents.ndjson: 500 in 0.91s (547/s)
load MimicObservationChartevents.ndjson: 500 in 0.88s (567/s)
load MimicObservationChartevents.ndjson: 500 in 0.69s (723/s)
load MimicObservationChartevents.ndjson: 500 in 0.89s (562/s)
load MimicObservationChartevents.ndjson: 500 in 0.89s (559/s)
load MimicObservationChartevents.ndjson: 500 in 0.96s (522/s)
load MimicObservationChartevents.ndjson: 500 in 0.67s (744/s)
load MimicObservationChartevents.ndjson: 500 in 0.81s (615/s)
load MimicObservationChartevents.ndjson: 500 in 0.94s (532/s)
load MimicObservationChartevents.ndjson: 500 in 0.87s (575/s)
load MimicObservationChartevents.ndjson: 500 in 0.68s (739/s)
load MimicObservationChartevents.ndjson: 500 in 0.92s (545/s)
load MimicObservationChartevents.ndjson: 500 in 0.68s (731/s)
load MimicObservationChartevents.ndjson: 500 in 0.74s (672/s)
load MimicObservationChartevents.ndjson: 500 in 0.95s (526/s)
load MimicObservationChartevents.ndjson: 500 in 0.93s (538/s)
load MimicObservationChartevents.ndjson: 500 in 1.02s (488/s)
load MimicObservationChartevents.ndjson: 500 in 0.97s (515/s)
load MimicObservationChartevents.ndjson: 500 in 1.01s (493/s)
load MimicObservationChartevents.ndjson: 500 in 0.94s (531/s)
load MimicObservationChartevents.ndjson: 500 in 0.83s (601/s)
load MimicObservationChartevents.ndjson: 500 in 0.74s (677/s)
load MimicObservationChartevents.ndjson: 500 in 0.96s (519/s)
load MimicObservationChartevents.ndjson: 500 in 0.92s (546/s)
load MimicObservationChartevents.ndjson: 500 in 0.96s (520/s)
load MimicObservationChartevents.ndjson: 500 in 0.93s (538/s)
load MimicObservationChartevents.ndjson: 500 in 0.93s (538/s)
load MimicObservationChartevents.ndjson: 500 in 0.88s (567/s)
load MimicObservationChartevents.ndjson: 500 in 0.68s (734/s)
load MimicObservationChartevents.ndjson: 500 in 0.88s (566/s)
load MimicObservationChartevents.ndjson: 500 in 0.98s (512/s)
load MimicObservationChartevents.ndjson: 500 in 0.94s (534/s)
load MimicObservationChartevents.ndjson: 500 in 0.97s (517/s)
load MimicObservationChartevents.ndjson: 500 in 0.91s (552/s)
load MimicObservationChartevents.ndjson: 500 in 0.94s (530/s)
load MimicObservationChartevents.ndjson: 500 in 0.91s (548/s)
load MimicObservationChartevents.ndjson: 500 in 0.69s (728/s)
load MimicObservationChartevents.ndjson: 500 in 0.76s (661/s)
load MimicObservationChartevents.ndjson: 500 in 0.99s (504/s)
load MimicObservationChartevents.ndjson: 500 in 0.92s (541/s)
load MimicObservationChartevents.ndjson: 500 in 1.00s (502/s)
load MimicObservationChartevents.ndjson: 500 in 0.95s (526/s)
load MimicObservationChartevents.ndjson: 500 in 0.88s (566/s)
load MimicObservationChartevents.ndjson: 500 in 0.90s (554/s)
load MimicObservationChartevents.ndjson: 500 in 0.93s (538/s)
load MimicObservationChartevents.ndjson: 500 in 0.97s (515/s)
load MimicObservationChartevents.ndjson: 500 in 0.95s (524/s)
load MimicObservationChartevents.ndjson: 500 in 0.97s (516/s)
load MimicObservationChartevents.ndjson: 500 in 0.93s (538/s)
load MimicObservationChartevents.ndjson: 500 in 0.97s (514/s)
load MimicObservationChartevents.ndjson: 500 in 0.60s (828/s)
load MimicObservationChartevents.ndjson: 500 in 0.52s (969/s)
load MimicObservationChartevents.ndjson: 500 in 0.53s (936/s)
load MimicObservationChartevents.ndjson: 500 in 0.54s (926/s)
load MimicObservationChartevents.ndjson: 500 in 0.52s (963/s)
load MimicObservationChartevents.ndjson: 500 in 0.53s (942/s)
load MimicObservationChartevents.ndjson: 500 in 0.55s (906/s)
load MimicObservationChartevents.ndjson: 500 in 0.53s (951/s)
load MimicObservationChartevents.ndjson: 500 in 0.50s (1000/s)
load MimicObservationChartevents.ndjson: 500 in 0.57s (870/s)
load MimicObservationChartevents.ndjson: 500 in 0.55s (917/s)
load MimicObservationChartevents.ndjson: 500 in 0.55s (907/s)
load MimicObservationChartevents.ndjson: 500 in 0.54s (931/s)
load MimicObservationChartevents.ndjson: 500 in 0.52s (960/s)
load MimicObservationChartevents.ndjson: 500 in 0.56s (896/s)
load MimicObservationChartevents.ndjson: 500 in 0.54s (935/s)
load MimicObservationChartevents.ndjson: 500 in 0.55s (917/s)
load MimicObservationChartevents.ndjson: 500 in 0.52s (965/s)
load MimicObservationChartevents.ndjson: 500 in 0.52s (958/s)
load MimicObservationChartevents.ndjson: 500 in 0.53s (945/s)
load MimicObservationChartevents.ndjson: 500 in 0.50s (1000/s)
load MimicObservationChartevents.ndjson: 500 in 0.56s (894/s)
load MimicObservationChartevents.ndjson: 500 in 0.52s (967/s)
load MimicObservationChartevents.ndjson: 500 in 0.54s (933/s)
load MimicObservationChartevents.ndjson: 500 in 0.53s (949/s)
load MimicObservationChartevents.ndjson: 500 in 0.59s (853/s)
load MimicObservationChartevents.ndjson: 500 in 0.61s (825/s)
load MimicObservationChartevents.ndjson: 500 in 0.70s (714/s)
load MimicObservationChartevents.ndjson: 500 in 0.70s (717/s)
load MimicObservationChartevents.ndjson: 500 in 0.67s (752/s)
load MimicObservationChartevents.ndjson: 500 in 0.62s (806/s)
load MimicObservationChartevents.ndjson: 500 in 0.64s (782/s)
load MimicObservationChartevents.ndjson: 500 in 0.69s (726/s)
load MimicObservationChartevents.ndjson: 500 in 0.64s (784/s)
load MimicObservationChartevents.ndjson: 500 in 0.62s (801/s)
load MimicObservationChartevents.ndjson: 500 in 0.70s (710/s)
load MimicObservationChartevents.ndjson: 500 in 0.65s (765/s)
load MimicObservationChartevents.ndjson: 500 in 0.63s (797/s)
load MimicObservationChartevents.ndjson: 500 in 0.63s (799/s)
load MimicObservationChartevents.ndjson: 500 in 0.68s (734/s)
load MimicObservationChartevents.ndjson: 500 in 0.73s (689/s)
load MimicObservationChartevents.ndjson: 500 in 0.64s (784/s)
load MimicObservationChartevents.ndjson: 500 in 0.63s (795/s)
load MimicObservationChartevents.ndjson: 500 in 0.74s (672/s)
load MimicObservationChartevents.ndjson: 500 in 0.68s (737/s)
load MimicObservationChartevents.ndjson: 500 in 0.66s (753/s)
load MimicObservationChartevents.ndjson: 500 in 0.78s (639/s)
load MimicObservationChartevents.ndjson: 500 in 0.68s (737/s)
load MimicObservationChartevents.ndjson: 500 in 0.72s (698/s)
load MimicObservationChartevents.ndjson: 500 in 0.66s (763/s)
load MimicObservationChartevents.ndjson: 500 in 0.71s (704/s)
load MimicObservationChartevents.ndjson: 500 in 0.72s (698/s)
load MimicObservationChartevents.ndjson: 500 in 0.71s (707/s)
load MimicObservationChartevents.ndjson: 500 in 0.65s (765/s)
load MimicObservationChartevents.ndjson: 500 in 0.72s (693/s)
load MimicObservationChartevents.ndjson: 500 in 0.68s (741/s)
load MimicObservationChartevents.ndjson: 500 in 0.69s (725/s)
load MimicObservationChartevents.ndjson: 500 in 0.67s (742/s)
load MimicObservationChartevents.ndjson: 500 in 0.65s (775/s)
load MimicObservationChartevents.ndjson: 500 in 0.68s (733/s)
load MimicObservationChartevents.ndjson: 500 in 0.71s (708/s)
load MimicObservationChartevents.ndjson: 500 in 0.63s (799/s)
load MimicObservationChartevents.ndjson: 500 in 0.68s (734/s)
load MimicObservationChartevents.ndjson: 500 in 0.72s (697/s)
load MimicObservationChartevents.ndjson: 500 in 0.66s (753/s)
load MimicObservationChartevents.ndjson: 500 in 0.64s (779/s)
load MimicObservationChartevents.ndjson: 500 in 0.73s (687/s)
load MimicObservationChartevents.ndjson: 500 in 0.66s (755/s)
load MimicObservationChartevents.ndjson: 500 in 0.65s (767/s)
load MimicObservationChartevents.ndjson: 500 in 0.74s (676/s)
load MimicObservationChartevents.ndjson: 500 in 0.68s (741/s)
load MimicObservationChartevents.ndjson: 500 in 0.71s (699/s)
load MimicObservationChartevents.ndjson: 500 in 0.98s (511/s)
load MimicObservationChartevents.ndjson: 500 in 0.91s (550/s)
load MimicObservationChartevents.ndjson: 500 in 0.94s (531/s)
load MimicObservationChartevents.ndjson: 500 in 1.02s (491/s)
load MimicObservationChartevents.ndjson: 500 in 1.00s (499/s)
load MimicObservationChartevents.ndjson: 500 in 0.71s (707/s)
load MimicObservationChartevents.ndjson: 500 in 0.82s (611/s)
load MimicObservationChartevents.ndjson: 500 in 0.95s (525/s)
load MimicObservationChartevents.ndjson: 500 in 0.98s (509/s)
load MimicObservationChartevents.ndjson: 500 in 0.94s (531/s)
load MimicObservationChartevents.ndjson: 500 in 0.93s (535/s)
load MimicObservationChartevents.ndjson: 500 in 0.93s (539/s)
load MimicObservationChartevents.ndjson: 500 in 0.70s (710/s)
load MimicObservationChartevents.ndjson: 500 in 0.97s (516/s)
load MimicObservationChartevents.ndjson: 500 in 0.96s (520/s)
load MimicObservationChartevents.ndjson: 500 in 0.94s (531/s)
load MimicObservationChartevents.ndjson: 500 in 1.00s (498/s)
load MimicObservationChartevents.ndjson: 500 in 0.97s (513/s)
load MimicObservationChartevents.ndjson: 500 in 0.93s (539/s)
load MimicObservationChartevents.ndjson: 500 in 0.67s (744/s)
load MimicObservationChartevents.ndjson: 500 in 0.92s (545/s)
load MimicObservationChartevents.ndjson: 500 in 0.95s (527/s)
load MimicObservationChartevents.ndjson: 500 in 0.93s (540/s)
load MimicObservationChartevents.ndjson: 500 in 0.88s (568/s)
load MimicObservationChartevents.ndjson: 500 in 0.82s (608/s)
load MimicObservationChartevents.ndjson: 500 in 1.40s (358/s)
load MimicObservationChartevents.ndjson: 500 in 1.69s (296/s)
load MimicObservationChartevents.ndjson: 500 in 1.39s (359/s)
load MimicObservationChartevents.ndjson: 500 in 1.28s (389/s)
load MimicObservationChartevents.ndjson: 500 in 1.13s (441/s)
load MimicObservationChartevents.ndjson: 500 in 0.93s (538/s)
load MimicObservationChartevents.ndjson: 500 in 0.99s (507/s)
load MimicObservationChartevents.ndjson: 500 in 1.04s (483/s)
load MimicObservationChartevents.ndjson: 500 in 1.14s (441/s)
load MimicObservationChartevents.ndjson: 500 in 1.04s (483/s)
load MimicObservationChartevents.ndjson: 500 in 1.19s (419/s)
load MimicObservationChartevents.ndjson: 500 in 1.02s (489/s)
load MimicObservationChartevents.ndjson: 500 in 0.97s (513/s)
load MimicObservationChartevents.ndjson: 500 in 1.03s (484/s)
load MimicObservationChartevents.ndjson: 500 in 0.96s (518/s)
load MimicObservationChartevents.ndjson: 500 in 0.96s (519/s)
load MimicObservationChartevents.ndjson: 500 in 0.73s (683/s)
load MimicObservationChartevents.ndjson: 500 in 0.74s (678/s)
load MimicObservationChartevents.ndjson: 500 in 0.89s (562/s)
load MimicObservationChartevents.ndjson: 500 in 0.68s (736/s)
load MimicObservationChartevents.ndjson: 500 in 0.93s (538/s)
load MimicObservationChartevents.ndjson: 500 in 0.89s (564/s)
load MimicObservationChartevents.ndjson: 500 in 0.75s (667/s)
load MimicObservationChartevents.ndjson: 500 in 0.95s (527/s)
load MimicObservationChartevents.ndjson: 500 in 0.97s (517/s)
load MimicObservationChartevents.ndjson: 500 in 1.00s (501/s)
load MimicObservationChartevents.ndjson: 500 in 1.02s (492/s)
load MimicObservationChartevents.ndjson: 500 in 0.97s (515/s)
load MimicObservationChartevents.ndjson: 500 in 0.99s (505/s)
load MimicObservationChartevents.ndjson: 500 in 0.68s (733/s)
load MimicObservationChartevents.ndjson: 500 in 0.72s (697/s)
load MimicObservationChartevents.ndjson: 500 in 0.63s (797/s)
load MimicObservationChartevents.ndjson: 500 in 0.70s (710/s)
load MimicObservationChartevents.ndjson: 500 in 0.66s (760/s)
load MimicObservationChartevents.ndjson: 500 in 0.64s (784/s)
load MimicObservationChartevents.ndjson: 500 in 0.70s (714/s)
load MimicObservationChartevents.ndjson: 500 in 0.65s (772/s)
load MimicObservationChartevents.ndjson: 500 in 0.67s (742/s)
load MimicObservationChartevents.ndjson: 500 in 0.66s (754/s)
load MimicObservationChartevents.ndjson: 500 in 0.63s (792/s)
load MimicObservationChartevents.ndjson: 500 in 0.65s (768/s)
load MimicObservationChartevents.ndjson: 500 in 0.68s (736/s)
load MimicObservationChartevents.ndjson: 500 in 0.64s (779/s)
load MimicObservationChartevents.ndjson: 500 in 0.68s (732/s)
load MimicObservationChartevents.ndjson: 500 in 0.66s (762/s)
load MimicObservationChartevents.ndjson: 500 in 0.61s (814/s)
load MimicObservationChartevents.ndjson: 500 in 0.69s (723/s)
load MimicObservationChartevents.ndjson: 500 in 0.66s (763/s)
load MimicObservationChartevents.ndjson: 500 in 0.64s (785/s)
load MimicObservationChartevents.ndjson: 500 in 0.71s (706/s)
load MimicObservationChartevents.ndjson: 500 in 0.64s (781/s)
load MimicObservationChartevents.ndjson: 500 in 0.67s (751/s)
load MimicObservationChartevents.ndjson: 500 in 0.65s (773/s)
load MimicObservationChartevents.ndjson: 500 in 0.68s (737/s)
load MimicObservationChartevents.ndjson: 500 in 0.74s (679/s)
load MimicObservationChartevents.ndjson: 500 in 0.64s (779/s)
load MimicObservationChartevents.ndjson: 500 in 0.66s (753/s)
load MimicObservationChartevents.ndjson: 500 in 0.74s (678/s)
load MimicObservationChartevents.ndjson: 500 in 0.63s (791/s)
load MimicObservationChartevents.ndjson: 500 in 0.66s (760/s)
load MimicObservationChartevents.ndjson: 500 in 0.74s (676/s)
load MimicObservationChartevents.ndjson: 500 in 0.61s (814/s)
load MimicObservationChartevents.ndjson: 500 in 0.65s (765/s)
load MimicObservationChartevents.ndjson: 500 in 0.92s (542/s)
load MimicObservationChartevents.ndjson: 500 in 0.93s (538/s)
load MimicObservationChartevents.ndjson: 500 in 0.94s (531/s)
load MimicObservationChartevents.ndjson: 500 in 0.97s (513/s)
load MimicObservationChartevents.ndjson: 500 in 0.98s (509/s)
load MimicObservationChartevents.ndjson: 500 in 0.72s (693/s)
load MimicObservationChartevents.ndjson: 500 in 0.81s (620/s)
load MimicObservationChartevents.ndjson: 500 in 0.95s (525/s)
load MimicObservationChartevents.ndjson: 500 in 0.97s (515/s)
load MimicObservationChartevents.ndjson: 500 in 0.92s (544/s)
load MimicObservationChartevents.ndjson: 500 in 0.98s (511/s)
load MimicObservationChartevents.ndjson: 500 in 0.84s (598/s)
load MimicObservationChartevents.ndjson: 500 in 0.71s (704/s)
load MimicObservationChartevents.ndjson: 500 in 0.90s (557/s)
load MimicObservationChartevents.ndjson: 500 in 0.91s (549/s)
load MimicObservationChartevents.ndjson: 500 in 0.72s (693/s)
load MimicObservationChartevents.ndjson: 500 in 0.88s (571/s)
load MimicObservationChartevents.ndjson: 500 in 0.95s (526/s)
load MimicObservationChartevents.ndjson: 500 in 0.94s (529/s)
load MimicObservationChartevents.ndjson: 500 in 0.90s (556/s)
load MimicObservationChartevents.ndjson: 500 in 0.70s (716/s)
load MimicObservationChartevents.ndjson: 500 in 0.79s (631/s)
load MimicObservationChartevents.ndjson: 500 in 0.90s (556/s)
load MimicObservationChartevents.ndjson: 500 in 0.93s (535/s)
load MimicObservationChartevents.ndjson: 500 in 0.90s (554/s)
load MimicObservationChartevents.ndjson: 500 in 0.67s (747/s)
load MimicObservationChartevents.ndjson: 500 in 0.92s (542/s)
load MimicObservationChartevents.ndjson: 500 in 0.65s (769/s)
load MimicObservationChartevents.ndjson: 500 in 0.76s (661/s)
load MimicObservationChartevents.ndjson: 500 in 0.94s (532/s)
load MimicObservationChartevents.ndjson: 500 in 0.98s (511/s)
load MimicObservationChartevents.ndjson: 500 in 0.91s (552/s)
load MimicObservationChartevents.ndjson: 500 in 0.68s (739/s)
load MimicObservationChartevents.ndjson: 500 in 0.91s (548/s)
load MimicObservationChartevents.ndjson: 500 in 0.80s (628/s)
load MimicObservationChartevents.ndjson: 500 in 0.75s (669/s)
load MimicObservationChartevents.ndjson: 500 in 0.85s (590/s)
load MimicObservationChartevents.ndjson: 500 in 0.76s (656/s)
load MimicObservationChartevents.ndjson: 500 in 0.95s (525/s)
load MimicObservationChartevents.ndjson: 500 in 0.97s (518/s)
load MimicObservationChartevents.ndjson: 500 in 0.93s (538/s)
load MimicObservationChartevents.ndjson: 500 in 0.91s (550/s)
load MimicObservationChartevents.ndjson: 500 in 0.90s (557/s)
load MimicObservationChartevents.ndjson: 500 in 0.62s (801/s)
load MimicObservationChartevents.ndjson: 500 in 0.66s (761/s)
load MimicObservationChartevents.ndjson: 500 in 0.65s (774/s)
load MimicObservationChartevents.ndjson: 500 in 0.67s (751/s)
load MimicObservationChartevents.ndjson: 500 in 0.67s (751/s)
load MimicObservationChartevents.ndjson: 500 in 0.66s (753/s)
load MimicObservationChartevents.ndjson: 500 in 0.67s (750/s)
load MimicObservationChartevents.ndjson: 500 in 0.69s (726/s)
load MimicObservationChartevents.ndjson: 500 in 0.69s (719/s)
load MimicObservationChartevents.ndjson: 500 in 0.65s (775/s)
load MimicObservationChartevents.ndjson: 500 in 0.63s (789/s)
load MimicObservationChartevents.ndjson: 500 in 0.64s (776/s)
load MimicObservationChartevents.ndjson: 500 in 0.62s (804/s)
load MimicObservationChartevents.ndjson: 500 in 0.64s (781/s)
load MimicObservationChartevents.ndjson: 500 in 0.70s (716/s)
load MimicObservationChartevents.ndjson: 500 in 0.65s (767/s)
load MimicObservationChartevents.ndjson: 500 in 0.63s (799/s)
load MimicObservationChartevents.ndjson: 500 in 0.71s (703/s)
load MimicObservationChartevents.ndjson: 500 in 0.65s (774/s)
load MimicObservationChartevents.ndjson: 500 in 0.64s (779/s)
load MimicObservationChartevents.ndjson: 500 in 0.73s (682/s)
load MimicObservationChartevents.ndjson: 500 in 0.64s (785/s)
load MimicObservationChartevents.ndjson: 500 in 0.65s (769/s)
load MimicObservationChartevents.ndjson: 500 in 0.62s (803/s)
load MimicObservationChartevents.ndjson: 500 in 0.66s (753/s)
load MimicObservationChartevents.ndjson: 500 in 0.67s (749/s)
load MimicObservationChartevents.ndjson: 500 in 0.65s (765/s)
load MimicObservationChartevents.ndjson: 500 in 0.63s (796/s)
load MimicObservationChartevents.ndjson: 500 in 0.67s (752/s)
load MimicObservationChartevents.ndjson: 500 in 0.63s (800/s)
load MimicObservationChartevents.ndjson: 500 in 0.66s (756/s)
load MimicObservationChartevents.ndjson: 500 in 0.71s (707/s)
load MimicObservationChartevents.ndjson: 500 in 0.66s (755/s)
load MimicObservationChartevents.ndjson: 500 in 0.65s (772/s)
load MimicObservationChartevents.ndjson: 500 in 0.63s (799/s)
load MimicObservationChartevents.ndjson: 500 in 0.62s (803/s)
load MimicObservationChartevents.ndjson: 500 in 0.65s (766/s)
load MimicObservationChartevents.ndjson: 500 in 0.77s (649/s)
load MimicObservationChartevents.ndjson: 500 in 0.66s (754/s)
load MimicObservationChartevents.ndjson: 500 in 0.66s (759/s)
load MimicObservationChartevents.ndjson: 500 in 0.73s (680/s)
load MimicObservationChartevents.ndjson: 500 in 0.63s (791/s)
load MimicObservationChartevents.ndjson: 500 in 0.70s (717/s)
load MimicObservationChartevents.ndjson: 500 in 0.64s (781/s)
load MimicObservationChartevents.ndjson: 500 in 0.69s (730/s)
load MimicObservationChartevents.ndjson: 500 in 0.74s (678/s)
load MimicObservationChartevents.ndjson: 500 in 0.92s (545/s)
load MimicObservationChartevents.ndjson: 500 in 0.92s (542/s)
load MimicObservationChartevents.ndjson: 500 in 0.92s (545/s)
load MimicObservationChartevents.ndjson: 500 in 0.90s (554/s)
load MimicObservationChartevents.ndjson: 500 in 0.80s (626/s)
load MimicObservationChartevents.ndjson: 500 in 0.70s (710/s)
load MimicObservationChartevents.ndjson: 500 in 0.96s (518/s)
load MimicObservationChartevents.ndjson: 500 in 1.04s (481/s)
load MimicObservationChartevents.ndjson: 500 in 0.91s (552/s)
load MimicObservationChartevents.ndjson: 500 in 0.93s (536/s)
load MimicObservationChartevents.ndjson: 500 in 0.85s (589/s)
load MimicObservationChartevents.ndjson: 500 in 0.71s (700/s)
load MimicObservationChartevents.ndjson: 500 in 0.93s (538/s)
load MimicObservationChartevents.ndjson: 500 in 0.92s (545/s)
load MimicObservationChartevents.ndjson: 500 in 0.97s (516/s)
load MimicObservationChartevents.ndjson: 500 in 0.93s (536/s)
load MimicObservationChartevents.ndjson: 500 in 0.93s (536/s)
load MimicObservationChartevents.ndjson: 500 in 0.69s (722/s)
load MimicObservationChartevents.ndjson: 500 in 0.94s (535/s)
load MimicObservationChartevents.ndjson: 500 in 0.93s (540/s)
load MimicObservationChartevents.ndjson: 500 in 0.86s (584/s)
load MimicObservationChartevents.ndjson: 500 in 0.77s (654/s)
load MimicObservationChartevents.ndjson: 500 in 0.90s (554/s)
load MimicObservationChartevents.ndjson: 500 in 0.88s (568/s)
load MimicObservationChartevents.ndjson: 500 in 0.69s (724/s)
load MimicObservationChartevents.ndjson: 500 in 0.90s (555/s)
load MimicObservationChartevents.ndjson: 500 in 0.67s (745/s)
load MimicObservationChartevents.ndjson: 500 in 0.82s (606/s)
load MimicObservationChartevents.ndjson: 500 in 0.91s (548/s)
load MimicObservationChartevents.ndjson: 500 in 0.74s (676/s)
load MimicObservationChartevents.ndjson: 500 in 0.76s (659/s)
load MimicObservationChartevents.ndjson: 500 in 0.81s (621/s)
load MimicObservationChartevents.ndjson: 500 in 0.71s (706/s)
load MimicObservationChartevents.ndjson: 500 in 0.94s (529/s)
load MimicObservationChartevents.ndjson: 500 in 0.95s (527/s)
load MimicObservationChartevents.ndjson: 500 in 0.97s (515/s)
load MimicObservationChartevents.ndjson: 500 in 0.93s (539/s)
load MimicObservationChartevents.ndjson: 500 in 0.90s (554/s)
load MimicObservationChartevents.ndjson: 500 in 0.65s (767/s)
load MimicObservationChartevents.ndjson: 500 in 0.88s (566/s)
load MimicObservationChartevents.ndjson: 500 in 0.97s (514/s)
load MimicObservationChartevents.ndjson: 500 in 0.91s (549/s)
load MimicObservationChartevents.ndjson: 500 in 0.90s (554/s)
load MimicObservationChartevents.ndjson: 500 in 0.94s (531/s)
load MimicObservationChartevents.ndjson: 500 in 0.67s (743/s)
load MimicObservationChartevents.ndjson: 500 in 0.65s (773/s)
load MimicObservationChartevents.ndjson: 500 in 0.64s (787/s)
load MimicObservationChartevents.ndjson: 500 in 0.68s (736/s)
load MimicObservationChartevents.ndjson: 500 in 0.65s (769/s)
load MimicObservationChartevents.ndjson: 500 in 0.67s (752/s)
load MimicObservationChartevents.ndjson: 500 in 0.67s (744/s)
load MimicObservationChartevents.ndjson: 500 in 0.67s (742/s)
load MimicObservationChartevents.ndjson: 500 in 0.69s (726/s)
load MimicObservationChartevents.ndjson: 500 in 0.75s (668/s)
load MimicObservationChartevents.ndjson: 500 in 0.69s (728/s)
load MimicObservationChartevents.ndjson: 500 in 0.67s (743/s)
load MimicObservationChartevents.ndjson: 500 in 0.68s (734/s)
load MimicObservationChartevents.ndjson: 500 in 0.72s (692/s)
load MimicObservationChartevents.ndjson: 500 in 0.74s (671/s)
load MimicObservationChartevents.ndjson: 500 in 0.70s (715/s)
load MimicObservationChartevents.ndjson: 500 in 0.73s (686/s)
load MimicObservationChartevents.ndjson: 500 in 0.79s (635/s)
load MimicObservationChartevents.ndjson: 500 in 0.70s (714/s)
load MimicObservationChartevents.ndjson: 500 in 0.66s (754/s)
load MimicObservationChartevents.ndjson: 500 in 0.77s (652/s)
load MimicObservationChartevents.ndjson: 500 in 0.66s (756/s)
load MimicObservationChartevents.ndjson: 500 in 0.67s (745/s)
load MimicObservationChartevents.ndjson: 500 in 0.63s (794/s)
load MimicObservationChartevents.ndjson: 500 in 0.70s (714/s)
load MimicObservationChartevents.ndjson: 500 in 0.67s (749/s)
load MimicObservationChartevents.ndjson: 500 in 0.74s (672/s)
load MimicObservationChartevents.ndjson: 500 in 0.67s (752/s)
load MimicObservationChartevents.ndjson: 500 in 0.67s (752/s)
load MimicObservationChartevents.ndjson: 500 in 0.78s (643/s)
load MimicObservationChartevents.ndjson: 500 in 0.72s (691/s)
load MimicObservationChartevents.ndjson: 500 in 0.77s (653/s)
load MimicObservationChartevents.ndjson: 500 in 0.71s (700/s)
load MimicObservationChartevents.ndjson: 500 in 0.69s (724/s)
load MimicObservationChartevents.ndjson: 500 in 0.67s (752/s)
load MimicObservationChartevents.ndjson: 500 in 0.72s (691/s)
load MimicObservationChartevents.ndjson: 500 in 0.75s (668/s)
load MimicObservationChartevents.ndjson: 500 in 0.72s (698/s)
load MimicObservationChartevents.ndjson: 500 in 0.69s (722/s)
load MimicObservationChartevents.ndjson: 500 in 0.67s (751/s)
load MimicObservationChartevents.ndjson: 500 in 0.76s (655/s)
load MimicObservationChartevents.ndjson: 500 in 0.66s (761/s)
load MimicObservationChartevents.ndjson: 500 in 0.70s (714/s)
load MimicObservationChartevents.ndjson: 500 in 0.74s (675/s)
load MimicObservationChartevents.ndjson: 500 in 0.71s (702/s)
load MimicObservationChartevents.ndjson: 500 in 0.78s (638/s)
load MimicObservationChartevents.ndjson: 500 in 0.70s (712/s)
load MimicObservationChartevents.ndjson: 500 in 0.69s (728/s)
load MimicObservationChartevents.ndjson: 500 in 0.67s (749/s)
load MimicObservationChartevents.ndjson: 500 in 0.73s (684/s)
load MimicObservationChartevents.ndjson: 500 in 0.73s (689/s)
load MimicObservationChartevents.ndjson: 500 in 0.72s (698/s)
load MimicObservationChartevents.ndjson: 500 in 0.72s (696/s)
load MimicObservationChartevents.ndjson: 500 in 0.77s (651/s)
load MimicObservationChartevents.ndjson: 500 in 0.71s (708/s)
load MimicObservationChartevents.ndjson: 500 in 0.71s (703/s)
load MimicObservationChartevents.ndjson: 500 in 0.65s (773/s)
load MimicObservationChartevents.ndjson: 500 in 0.77s (649/s)
load MimicObservationChartevents.ndjson: 500 in 0.98s (510/s)
load MimicObservationChartevents.ndjson: 500 in 0.94s (531/s)
load MimicObservationChartevents.ndjson: 500 in 0.97s (517/s)
load MimicObservationChartevents.ndjson: 500 in 0.91s (548/s)
load MimicObservationChartevents.ndjson: 500 in 0.77s (649/s)
load MimicObservationChartevents.ndjson: 500 in 0.75s (669/s)
load MimicObservationChartevents.ndjson: 500 in 0.96s (518/s)
load MimicObservationChartevents.ndjson: 500 in 0.91s (551/s)
load MimicObservationChartevents.ndjson: 500 in 0.95s (526/s)
load MimicObservationChartevents.ndjson: 500 in 0.94s (530/s)
load MimicObservationChartevents.ndjson: 500 in 0.71s (704/s)
load MimicObservationChartevents.ndjson: 500 in 0.76s (658/s)
load MimicObservationChartevents.ndjson: 500 in 0.93s (539/s)
load MimicObservationChartevents.ndjson: 500 in 0.94s (532/s)
load MimicObservationChartevents.ndjson: 500 in 0.97s (515/s)
load MimicObservationChartevents.ndjson: 500 in 0.84s (595/s)
load MimicObservationChartevents.ndjson: 500 in 0.69s (720/s)
load MimicObservationChartevents.ndjson: 500 in 0.99s (503/s)
load MimicObservationChartevents.ndjson: 500 in 0.93s (539/s)
load MimicObservationChartevents.ndjson: 500 in 0.98s (511/s)
load MimicObservationChartevents.ndjson: 500 in 0.70s (716/s)
load MimicObservationChartevents.ndjson: 500 in 0.79s (634/s)
load MimicObservationChartevents.ndjson: 500 in 0.94s (533/s)
load MimicObservationChartevents.ndjson: 500 in 0.93s (537/s)
load MimicObservationChartevents.ndjson: 500 in 0.96s (522/s)
load MimicObservationChartevents.ndjson: 500 in 0.70s (716/s)
load MimicObservationChartevents.ndjson: 500 in 0.86s (579/s)
load MimicObservationChartevents.ndjson: 500 in 0.75s (668/s)
load MimicObservationChartevents.ndjson: 500 in 0.76s (661/s)
load MimicObservationChartevents.ndjson: 500 in 0.92s (542/s)
load MimicObservationChartevents.ndjson: 500 in 0.94s (532/s)
load MimicObservationChartevents.ndjson: 500 in 0.93s (538/s)
load MimicObservationChartevents.ndjson: 500 in 0.69s (725/s)
load MimicObservationChartevents.ndjson: 500 in 0.82s (608/s)
load MimicObservationChartevents.ndjson: 500 in 0.95s (525/s)
load MimicObservationChartevents.ndjson: 500 in 0.96s (518/s)
load MimicObservationChartevents.ndjson: 500 in 0.84s (595/s)
load MimicObservationChartevents.ndjson: 500 in 0.74s (673/s)
load MimicObservationChartevents.ndjson: 500 in 0.89s (560/s)
load MimicObservationChartevents.ndjson: 500 in 0.70s (711/s)
load MimicObservationChartevents.ndjson: 500 in 0.91s (551/s)
load MimicObservationChartevents.ndjson: 500 in 0.94s (530/s)
load MimicObservationChartevents.ndjson: 500 in 0.93s (538/s)
load MimicObservationChartevents.ndjson: 500 in 0.92s (542/s)
load MimicObservationChartevents.ndjson: 500 in 0.95s (524/s)
load MimicObservationChartevents.ndjson: 500 in 1.00s (500/s)
load MimicObservationChartevents.ndjson: 500 in 0.64s (779/s)
load MimicObservationChartevents.ndjson: 500 in 0.66s (756/s)
load MimicObservationChartevents.ndjson: 500 in 0.61s (820/s)
load MimicObservationChartevents.ndjson: 500 in 0.69s (720/s)
load MimicObservationChartevents.ndjson: 500 in 0.64s (776/s)
load MimicObservationChartevents.ndjson: 500 in 0.67s (745/s)
load MimicObservationChartevents.ndjson: 500 in 0.68s (741/s)
load MimicObservationChartevents.ndjson: 500 in 0.66s (758/s)
load MimicObservationChartevents.ndjson: 500 in 0.72s (692/s)
load MimicObservationChartevents.ndjson: 500 in 0.68s (736/s)
load MimicObservationChartevents.ndjson: 500 in 0.65s (773/s)
load MimicObservationChartevents.ndjson: 500 in 0.68s (733/s)
load MimicObservationChartevents.ndjson: 500 in 0.68s (740/s)
load MimicObservationChartevents.ndjson: 500 in 0.66s (755/s)
load MimicObservationChartevents.ndjson: 500 in 0.74s (677/s)
load MimicObservationChartevents.ndjson: 500 in 0.63s (796/s)
load MimicObservationChartevents.ndjson: 500 in 0.63s (799/s)
load MimicObservationChartevents.ndjson: 500 in 0.70s (718/s)
load MimicObservationChartevents.ndjson: 500 in 0.66s (753/s)
load MimicObservationChartevents.ndjson: 500 in 0.64s (781/s)
load MimicObservationChartevents.ndjson: 500 in 0.70s (715/s)
load MimicObservationChartevents.ndjson: 500 in 0.64s (780/s)
load MimicObservationChartevents.ndjson: 500 in 0.63s (797/s)
load MimicObservationChartevents.ndjson: 500 in 0.68s (732/s)
load MimicObservationChartevents.ndjson: 500 in 0.66s (756/s)
load MimicObservationChartevents.ndjson: 500 in 0.69s (719/s)
load MimicObservationChartevents.ndjson: 500 in 0.67s (752/s)
load MimicObservationChartevents.ndjson: 500 in 0.68s (736/s)
load MimicObservationChartevents.ndjson: 500 in 0.73s (682/s)
load MimicObservationChartevents.ndjson: 500 in 0.66s (762/s)
load MimicObservationChartevents.ndjson: 500 in 0.67s (750/s)
load MimicObservationChartevents.ndjson: 500 in 0.71s (707/s)
load MimicObservationChartevents.ndjson: 500 in 0.63s (800/s)
load MimicObservationChartevents.ndjson: 500 in 0.63s (794/s)
load MimicObservationChartevents.ndjson: 500 in 0.67s (742/s)
load MimicObservationChartevents.ndjson: 500 in 0.69s (720/s)
load MimicObservationChartevents.ndjson: 500 in 0.67s (743/s)
load MimicObservationChartevents.ndjson: 500 in 0.63s (792/s)
load MimicObservationChartevents.ndjson: 500 in 0.66s (754/s)
load MimicObservationChartevents.ndjson: 500 in 0.78s (643/s)
load MimicObservationChartevents.ndjson: 500 in 0.69s (719/s)
load MimicObservationChartevents.ndjson: 500 in 0.72s (690/s)
load MimicObservationChartevents.ndjson: 500 in 0.79s (633/s)
load MimicObservationChartevents.ndjson: 500 in 0.71s (704/s)
load MimicObservationChartevents.ndjson: 500 in 0.71s (708/s)
load MimicObservationChartevents.ndjson: 500 in 0.71s (705/s)
load MimicObservationChartevents.ndjson: 500 in 0.79s (635/s)
load MimicObservationChartevents.ndjson: 500 in 0.94s (532/s)
load MimicObservationChartevents.ndjson: 500 in 0.99s (507/s)
load MimicObservationChartevents.ndjson: 500 in 0.98s (508/s)
load MimicObservationChartevents.ndjson: 500 in 0.94s (534/s)
load MimicObservationChartevents.ndjson: 500 in 0.92s (543/s)
load MimicObservationChartevents.ndjson: 500 in 1.01s (495/s)
load MimicObservationChartevents.ndjson: 500 in 1.34s (372/s)
load MimicObservationChartevents.ndjson: 500 in 1.30s (383/s)
load MimicObservationChartevents.ndjson: 500 in 1.27s (393/s)
load MimicObservationChartevents.ndjson: 362 in 0.98s (371/s)
file MimicObservationChartevents.ndjson: 668862 in 1101.99s (607/s)
total-load all files: 928935 in 1480.17s (628/s)
count-refresh 13 types: 928935 in 0.23s (4021364/s)
search Observation?status=final (page of 20): 20 in 0.03s (667/s)
database size: 5922.7 MB
exit=0
