phase	detail	resources	seconds	rate_per_s
load	MimicOrganization.ndjson	1	1.37	1
file	MimicOrganization.ndjson	1	1.50	1
load	MimicLocation.ndjson	31	0.12	261
file	MimicLocation.ndjson	31	0.14	225
load	MimicPatient.ndjson	100	0.34	293
file	MimicPatient.ndjson	100	0.45	220
load	MimicEncounterICU.ndjson	140	0.29	481
file	MimicEncounterICU.ndjson	140	0.34	415
load	MimicMedicationMix.ndjson	314	0.41	757
file	MimicMedicationMix.ndjson	314	0.61	511
load	MimicEncounterED.ndjson	222	0.33	679
file	MimicEncounterED.ndjson	222	0.38	590
load	MimicObservationMicroOrg.ndjson	338	0.62	547
file	MimicObservationMicroOrg.ndjson	338	0.67	504
load	MimicConditionED.ndjson	500	0.45	1124
load	MimicConditionED.ndjson	45	0.06	714
file	MimicConditionED.ndjson	545	0.55	986
load	MimicProcedure.ndjson	500	0.44	1147
load	MimicProcedure.ndjson	222	0.17	1306
file	MimicProcedure.ndjson	722	0.68	1063
load	MimicEncounter.ndjson	275	0.57	480
file	MimicEncounter.ndjson	275	0.66	414
load	MimicMedicationDispenseED.ndjson	500	0.47	1073
load	MimicMedicationDispenseED.ndjson	500	0.36	1381
load	MimicMedicationDispenseED.ndjson	82	0.11	745
file	MimicMedicationDispenseED.ndjson	1082	1.02	1061
load	MimicProcedureED.ndjson	500	0.41	1235
load	MimicProcedureED.ndjson	500	0.38	1326
load	MimicProcedureED.ndjson	260	0.22	1198
file	MimicProcedureED.ndjson	1260	1.07	1173
load	MimicSpecimen.ndjson	500	0.45	1119
load	MimicSpecimen.ndjson	500	0.85	585
load	MimicSpecimen.ndjson	336	0.17	1920
file	MimicSpecimen.ndjson	1336	1.89	706
load	MimicMedication.ndjson	500	0.19	2632
load	MimicMedication.ndjson	500	0.18	2841
load	MimicMedication.ndjson	480	0.19	2581
file	MimicMedication.ndjson	1480	0.59	2513
load	MimicProcedureICU.ndjson	500	0.29	1706
load	MimicProcedureICU.ndjson	500	0.25	2008
load	MimicProcedureICU.ndjson	468	0.29	1625
file	MimicProcedureICU.ndjson	1468	0.89	1653
load	MimicObservationMicroSusc.ndjson	500	0.54	931
load	MimicObservationMicroSusc.ndjson	500	0.42	1176
load	MimicObservationMicroSusc.ndjson	36	0.07	486
file	MimicObservationMicroSusc.ndjson	1036	1.10	939
load	MimicObservationMicroTest.ndjson	500	0.36	1404
load	MimicObservationMicroTest.ndjson	500	0.37	1340
load	MimicObservationMicroTest.ndjson	500	0.40	1266
load	MimicObservationMicroTest.ndjson	393	0.28	1384
file	MimicObservationMicroTest.ndjson	1893	1.49	1267
load	MimicMedicationStatementED.ndjson	500	0.32	1563
load	MimicMedicationStatementED.ndjson	500	0.22	2232
load	MimicMedicationStatementED.ndjson	500	0.25	1969
load	MimicMedicationStatementED.ndjson	500	0.24	2041
load	MimicMedicationStatementED.ndjson	411	0.24	1720
file	MimicMedicationStatementED.ndjson	2411	1.35	1779
load	MimicObservationED.ndjson	500	0.43	1155
load	MimicObservationED.ndjson	500	0.37	1359
load	MimicObservationED.ndjson	500	0.34	1453
load	MimicObservationED.ndjson	500	0.41	1235
load	MimicObservationED.ndjson	500	0.38	1316
load	MimicObservationED.ndjson	242	0.24	1021
file	MimicObservationED.ndjson	2742	2.29	1196
load	MimicCondition.ndjson	500	0.26	1923
load	MimicCondition.ndjson	500	0.19	2618
load	MimicCondition.ndjson	500	0.21	2392
load	MimicCondition.ndjson	500	0.20	2488
load	MimicCondition.ndjson	500	0.24	2119
load	MimicCondition.ndjson	500	0.21	2392
load	MimicCondition.ndjson	500	0.26	1938
load	MimicCondition.ndjson	500	0.24	2092
load	MimicCondition.ndjson	500	0.22	2262
load	MimicCondition.ndjson	6	0.05	115
file	MimicCondition.ndjson	4506	2.20	2045
load	MimicObservationVitalSignsED.ndjson	500	0.62	801
load	MimicObservationVitalSignsED.ndjson	500	0.55	909
load	MimicObservationVitalSignsED.ndjson	500	0.60	828
load	MimicObservationVitalSignsED.ndjson	500	0.52	971
load	MimicObservationVitalSignsED.ndjson	500	0.52	971
load	MimicObservationVitalSignsED.ndjson	500	0.60	828
load	MimicObservationVitalSignsED.ndjson	500	0.56	888
load	MimicObservationVitalSignsED.ndjson	500	0.51	980
load	MimicObservationVitalSignsED.ndjson	500	0.53	938
load	MimicObservationVitalSignsED.ndjson	500	0.51	990
load	MimicObservationVitalSignsED.ndjson	500	0.52	963
load	MimicObservationVitalSignsED.ndjson	500	0.56	887
load	MimicObservationVitalSignsED.ndjson	300	0.42	719
file	MimicObservationVitalSignsED.ndjson	6300	7.33	859
load	MimicSpecimenLab.ndjson	500	0.33	1538
load	MimicSpecimenLab.ndjson	500	0.19	2577
load	MimicSpecimenLab.ndjson	500	0.20	2439
load	MimicSpecimenLab.ndjson	500	0.21	2415
load	MimicSpecimenLab.ndjson	500	0.22	2315
load	MimicSpecimenLab.ndjson	500	0.20	2463
load	MimicSpecimenLab.ndjson	500	0.25	2024
load	MimicSpecimenLab.ndjson	500	0.22	2262
load	MimicSpecimenLab.ndjson	500	0.25	2033
load	MimicSpecimenLab.ndjson	500	0.28	1799
load	MimicSpecimenLab.ndjson	500	0.22	2252
load	MimicSpecimenLab.ndjson	500	0.23	2146
load	MimicSpecimenLab.ndjson	500	0.23	2212
load	MimicSpecimenLab.ndjson	500	0.22	2262
load	MimicSpecimenLab.ndjson	500	0.28	1761
load	MimicSpecimenLab.ndjson	500	0.29	1736
load	MimicSpecimenLab.ndjson	500	0.30	1656
load	MimicSpecimenLab.ndjson	500	0.30	1650
load	MimicSpecimenLab.ndjson	500	0.26	1961
load	MimicSpecimenLab.ndjson	500	0.26	1946
load	MimicSpecimenLab.ndjson	500	0.26	1894
load	MimicSpecimenLab.ndjson	500	0.27	1852
load	MimicSpecimenLab.ndjson	122	0.12	1043
file	MimicSpecimenLab.ndjson	11122	5.92	1880
load	MimicObservationOutputevents.ndjson	500	0.50	992
load	MimicObservationOutputevents.ndjson	500	0.46	1078
load	MimicObservationOutputevents.ndjson	500	0.47	1053
load	MimicObservationOutputevents.ndjson	500	0.53	949
load	MimicObservationOutputevents.ndjson	500	0.55	916
load	MimicObservationOutputevents.ndjson	500	0.50	996
load	MimicObservationOutputevents.ndjson	500	0.49	1014
load	MimicObservationOutputevents.ndjson	500	0.52	967
load	MimicObservationOutputevents.ndjson	500	0.56	885
load	MimicObservationOutputevents.ndjson	500	0.51	978
load	MimicObservationOutputevents.ndjson	500	0.50	992
load	MimicObservationOutputevents.ndjson	500	0.53	951
load	MimicObservationOutputevents.ndjson	500	0.56	896
load	MimicObservationOutputevents.ndjson	500	0.51	988
load	MimicObservationOutputevents.ndjson	500	0.55	914
load	MimicObservationOutputevents.ndjson	500	0.51	982
load	MimicObservationOutputevents.ndjson	500	0.54	923
load	MimicObservationOutputevents.ndjson	500	0.52	969
load	MimicObservationOutputevents.ndjson	362	0.49	736
file	MimicObservationOutputevents.ndjson	9362	10.20	918
load	MimicObservationDatetimeevents.ndjson	500	0.50	996
load	MimicObservationDatetimeevents.ndjson	500	0.44	1147
load	MimicObservationDatetimeevents.ndjson	500	0.45	1104
load	MimicObservationDatetimeevents.ndjson	500	0.51	990
load	MimicObservationDatetimeevents.ndjson	500	0.51	984
load	MimicObservationDatetimeevents.ndjson	500	0.48	1046
load	MimicObservationDatetimeevents.ndjson	500	0.53	938
load	MimicObservationDatetimeevents.ndjson	500	0.54	933
load	MimicObservationDatetimeevents.ndjson	500	0.48	1031
load	MimicObservationDatetimeevents.ndjson	500	0.50	1006
load	MimicObservationDatetimeevents.ndjson	500	0.48	1040
load	MimicObservationDatetimeevents.ndjson	500	0.70	712
load	MimicObservationDatetimeevents.ndjson	500	0.76	657
load	MimicObservationDatetimeevents.ndjson	500	0.76	654
load	MimicObservationDatetimeevents.ndjson	500	0.71	708
load	MimicObservationDatetimeevents.ndjson	500	0.71	708
load	MimicObservationDatetimeevents.ndjson	500	0.75	664
load	MimicObservationDatetimeevents.ndjson	500	0.72	695
load	MimicObservationDatetimeevents.ndjson	500	0.76	659
load	MimicObservationDatetimeevents.ndjson	500	0.72	692
load	MimicObservationDatetimeevents.ndjson	500	0.74	672
load	MimicObservationDatetimeevents.ndjson	500	0.71	702
load	MimicObservationDatetimeevents.ndjson	500	0.72	696
load	MimicObservationDatetimeevents.ndjson	500	0.76	657
load	MimicObservationDatetimeevents.ndjson	500	0.61	817
load	MimicObservationDatetimeevents.ndjson	500	0.58	858
load	MimicObservationDatetimeevents.ndjson	500	0.74	676
load	MimicObservationDatetimeevents.ndjson	500	0.77	654
load	MimicObservationDatetimeevents.ndjson	500	0.77	651
load	MimicObservationDatetimeevents.ndjson	500	0.77	654
load	MimicObservationDatetimeevents.ndjson	280	0.50	562
file	MimicObservationDatetimeevents.ndjson	15280	20.66	740
load	MimicMedicationDispense.ndjson	500	0.65	769
load	MimicMedicationDispense.ndjson	500	0.50	998
load	MimicMedicationDispense.ndjson	500	0.52	969
load	MimicMedicationDispense.ndjson	500	0.48	1048
load	MimicMedicationDispense.ndjson	500	0.48	1033
load	MimicMedicationDispense.ndjson	500	0.47	1062
load	MimicMedicationDispense.ndjson	500	0.54	921
load	MimicMedicationDispense.ndjson	500	0.46	1080
load	MimicMedicationDispense.ndjson	500	0.56	898
load	MimicMedicationDispense.ndjson	500	0.51	986
load	MimicMedicationDispense.ndjson	500	0.54	935
load	MimicMedicationDispense.ndjson	500	0.69	726
load	MimicMedicationDispense.ndjson	500	0.56	896
load	MimicMedicationDispense.ndjson	500	0.58	867
load	MimicMedicationDispense.ndjson	500	0.53	952
load	MimicMedicationDispense.ndjson	500	0.55	906
load	MimicMedicationDispense.ndjson	500	0.38	1319
load	MimicMedicationDispense.ndjson	500	0.45	1111
load	MimicMedicationDispense.ndjson	500	0.56	898
load	MimicMedicationDispense.ndjson	500	0.57	870
load	MimicMedicationDispense.ndjson	500	0.55	916
load	MimicMedicationDispense.ndjson	500	0.53	952
load	MimicMedicationDispense.ndjson	500	0.53	940
load	MimicMedicationDispense.ndjson	500	0.54	931
load	MimicMedicationDispense.ndjson	500	0.59	847
load	MimicMedicationDispense.ndjson	500	0.56	894
load	MimicMedicationDispense.ndjson	500	0.62	806
load	MimicMedicationDispense.ndjson	500	0.57	870
load	MimicMedicationDispense.ndjson	293	0.38	765
file	MimicMedicationDispense.ndjson	14293	16.62	860
load	MimicMedicationRequest.ndjson	500	0.62	810
load	MimicMedicationRequest.ndjson	500	0.53	943
load	MimicMedicationRequest.ndjson	500	0.44	1139
load	MimicMedicationRequest.ndjson	500	0.29	1701
load	MimicMedicationRequest.ndjson	500	0.32	1572
load	MimicMedicationRequest.ndjson	500	0.41	1208
load	MimicMedicationRequest.ndjson	500	0.49	1012
load	MimicMedicationRequest.ndjson	500	0.49	1027
load	MimicMedicationRequest.ndjson	500	0.49	1014
load	MimicMedicationRequest.ndjson	500	0.50	1006
load	MimicMedicationRequest.ndjson	500	0.56	896
load	MimicMedicationRequest.ndjson	500	0.52	956
load	MimicMedicationRequest.ndjson	500	0.55	906
load	MimicMedicationRequest.ndjson	500	0.53	945
load	MimicMedicationRequest.ndjson	500	0.56	890
load	MimicMedicationRequest.ndjson	500	0.52	960
load	MimicMedicationRequest.ndjson	500	0.58	862
load	MimicMedicationRequest.ndjson	500	0.56	894
load	MimicMedicationRequest.ndjson	500	0.43	1155
load	MimicMedicationRequest.ndjson	500	0.42	1182
load	MimicMedicationRequest.ndjson	500	0.49	1025
load	MimicMedicationRequest.ndjson	500	0.56	899
load	MimicMedicationRequest.ndjson	500	0.58	867
load	MimicMedicationRequest.ndjson	500	0.56	887
load	MimicMedicationRequest.ndjson	500	0.62	809
load	MimicMedicationRequest.ndjson	500	0.58	855
load	MimicMedicationRequest.ndjson	500	0.60	829
load	MimicMedicationRequest.ndjson	500	0.58	865
load	MimicMedicationRequest.ndjson	500	0.62	810
load	MimicMedicationRequest.ndjson	500	0.54	929
load	MimicMedicationRequest.ndjson	500	0.52	963
load	MimicMedicationRequest.ndjson	500	0.47	1073
load	MimicMedicationRequest.ndjson	500	0.64	784
load	MimicMedicationRequest.ndjson	500	0.48	1031
load	MimicMedicationRequest.ndjson	500	0.44	1131
load	MimicMedicationRequest.ndjson	52	0.12	448
file	MimicMedicationRequest.ndjson	17552	19.87	883
load	MimicMedicationAdministrationICU.ndjson	500	0.52	963
load	MimicMedicationAdministrationICU.ndjson	500	0.40	1250
load	MimicMedicationAdministrationICU.ndjson	500	0.38	1305
load	MimicMedicationAdministrationICU.ndjson	500	0.34	1484
load	MimicMedicationAdministrationICU.ndjson	500	0.36	1389
load	MimicMedicationAdministrationICU.ndjson	500	0.43	1149
load	MimicMedicationAdministrationICU.ndjson	500	0.40	1250
load	MimicMedicationAdministrationICU.ndjson	500	0.40	1253
load	MimicMedicationAdministrationICU.ndjson	500	0.46	1096
load	MimicMedicationAdministrationICU.ndjson	500	0.43	1174
load	MimicMedicationAdministrationICU.ndjson	500	0.49	1010
load	MimicMedicationAdministrationICU.ndjson	500	0.43	1166
load	MimicMedicationAdministrationICU.ndjson	500	0.44	1147
load	MimicMedicationAdministrationICU.ndjson	500	0.49	1029
load	MimicMedicationAdministrationICU.ndjson	500	0.45	1121
load	MimicMedicationAdministrationICU.ndjson	500	0.48	1042
load	MimicMedicationAdministrationICU.ndjson	500	0.44	1126
load	MimicMedicationAdministrationICU.ndjson	500	0.46	1096
load	MimicMedicationAdministrationICU.ndjson	500	0.47	1064
load	MimicMedicationAdministrationICU.ndjson	500	0.50	1002
load	MimicMedicationAdministrationICU.ndjson	500	0.54	919
load	MimicMedicationAdministrationICU.ndjson	500	0.51	986
load	MimicMedicationAdministrationICU.ndjson	500	0.50	1002
load	MimicMedicationAdministrationICU.ndjson	500	0.49	1025
load	MimicMedicationAdministrationICU.ndjson	500	0.49	1027
load	MimicMedicationAdministrationICU.ndjson	500	0.57	877
load	MimicMedicationAdministrationICU.ndjson	500	0.51	984
load	MimicMedicationAdministrationICU.ndjson	500	0.39	1289
load	MimicMedicationAdministrationICU.ndjson	500	0.39	1295
load	MimicMedicationAdministrationICU.ndjson	500	0.49	1029
load	MimicMedicationAdministrationICU.ndjson	500	0.57	877
load	MimicMedicationAdministrationICU.ndjson	500	0.52	969
load	MimicMedicationAdministrationICU.ndjson	500	0.52	956
load	MimicMedicationAdministrationICU.ndjson	500	0.51	973
load	MimicMedicationAdministrationICU.ndjson	500	0.50	998
load	MimicMedicationAdministrationICU.ndjson	500	0.56	901
load	MimicMedicationAdministrationICU.ndjson	500	0.51	990
load	MimicMedicationAdministrationICU.ndjson	500	0.51	973
load	MimicMedicationAdministrationICU.ndjson	500	0.54	935
load	MimicMedicationAdministrationICU.ndjson	500	0.58	861
load	MimicMedicationAdministrationICU.ndjson	404	0.51	800
file	MimicMedicationAdministrationICU.ndjson	20404	21.42	953
load	MimicMedicationAdministration.ndjson	500	0.65	773
load	MimicMedicationAdministration.ndjson	500	0.66	762
load	MimicMedicationAdministration.ndjson	500	0.57	876
load	MimicMedicationAdministration.ndjson	500	0.64	787
load	MimicMedicationAdministration.ndjson	500	0.60	839
load	MimicMedicationAdministration.ndjson	500	0.48	1037
load	MimicMedicationAdministration.ndjson	500	0.41	1205
load	MimicMedicationAdministration.ndjson	500	0.57	877
load	MimicMedicationAdministration.ndjson	500	0.64	779
load	MimicMedicationAdministration.ndjson	500	0.58	864
load	MimicMedicationAdministration.ndjson	500	0.68	737
load	MimicMedicationAdministration.ndjson	500	0.60	829
load	MimicMedicationAdministration.ndjson	500	0.64	781
load	MimicMedicationAdministration.ndjson	500	0.62	808
load	MimicMedicationAdministration.ndjson	500	0.63	795
load	MimicMedicationAdministration.ndjson	500	0.63	795
load	MimicMedicationAdministration.ndjson	500	0.55	903
load	MimicMedicationAdministration.ndjson	500	0.46	1085
load	MimicMedicationAdministration.ndjson	500	0.44	1131
load	MimicMedicationAdministration.ndjson	500	0.66	758
load	MimicMedicationAdministration.ndjson	500	0.61	822
load	MimicMedicationAdministration.ndjson	500	0.62	809
load	MimicMedicationAdministration.ndjson	500	0.62	809
load	MimicMedicationAdministration.ndjson	500	0.69	728
load	MimicMedicationAdministration.ndjson	500	0.60	826
load	MimicMedicationAdministration.ndjson	500	0.64	786
load	MimicMedicationAdministration.ndjson	500	0.63	797
load	MimicMedicationAdministration.ndjson	500	0.64	787
load	MimicMedicationAdministration.ndjson	500	0.63	791
load	MimicMedicationAdministration.ndjson	500	0.50	996
load	MimicMedicationAdministration.ndjson	500	0.46	1089
load	MimicMedicationAdministration.ndjson	500	0.43	1174
load	MimicMedicationAdministration.ndjson	500	0.45	1124
load	MimicMedicationAdministration.ndjson	500	0.48	1050
load	MimicMedicationAdministration.ndjson	500	0.51	988
load	MimicMedicationAdministration.ndjson	500	0.47	1059
load	MimicMedicationAdministration.ndjson	500	0.47	1071
load	MimicMedicationAdministration.ndjson	500	0.49	1012
load	MimicMedicationAdministration.ndjson	500	0.48	1040
load	MimicMedicationAdministration.ndjson	500	0.45	1114
load	MimicMedicationAdministration.ndjson	500	0.45	1121
load	MimicMedicationAdministration.ndjson	500	0.47	1071
load	MimicMedicationAdministration.ndjson	500	0.53	936
load	MimicMedicationAdministration.ndjson	500	0.45	1101
load	MimicMedicationAdministration.ndjson	500	0.50	1000
load	MimicMedicationAdministration.ndjson	500	0.45	1106
load	MimicMedicationAdministration.ndjson	500	0.46	1096
load	MimicMedicationAdministration.ndjson	500	0.48	1046
load	MimicMedicationAdministration.ndjson	500	0.48	1046
load	MimicMedicationAdministration.ndjson	500	0.53	942
load	MimicMedicationAdministration.ndjson	500	0.45	1106
load	MimicMedicationAdministration.ndjson	500	0.46	1096
load	MimicMedicationAdministration.ndjson	500	0.45	1106
load	MimicMedicationAdministration.ndjson	500	0.49	1027
load	MimicMedicationAdministration.ndjson	500	0.52	971
load	MimicMedicationAdministration.ndjson	500	0.45	1116
load	MimicMedicationAdministration.ndjson	500	0.48	1042
load	MimicMedicationAdministration.ndjson	500	0.54	931
load	MimicMedicationAdministration.ndjson	500	0.50	1004
load	MimicMedicationAdministration.ndjson	500	0.48	1040
load	MimicMedicationAdministration.ndjson	500	0.48	1046
load	MimicMedicationAdministration.ndjson	500	0.51	977
load	MimicMedicationAdministration.ndjson	500	0.47	1068
load	MimicMedicationAdministration.ndjson	500	0.48	1050
load	MimicMedicationAdministration.ndjson	500	0.47	1059
load	MimicMedicationAdministration.ndjson	500	0.52	954
load	MimicMedicationAdministration.ndjson	500	0.49	1027
load	MimicMedicationAdministration.ndjson	500	0.45	1101
load	MimicMedicationAdministration.ndjson	500	0.53	938
load	MimicMedicationAdministration.ndjson	500	0.55	903
load	MimicMedicationAdministration.ndjson	500	0.51	990
load	MimicMedicationAdministration.ndjson	500	0.48	1042
load	MimicMedicationAdministration.ndjson	131	0.20	645
file	MimicMedicationAdministration.ndjson	36131	40.20	899
load	MimicObservationLabevents.ndjson	500	0.82	610
load	MimicObservationLabevents.ndjson	500	0.81	619
load	MimicObservationLabevents.ndjson	500	0.64	779
load	MimicObservationLabevents.ndjson	500	0.66	760
load	MimicObservationLabevents.ndjson	500	0.68	735
load	MimicObservationLabevents.ndjson	500	0.74	673
load	MimicObservationLabevents.ndjson	500	0.67	743
load	MimicObservationLabevents.ndjson	500	0.75	667
load	MimicObservationLabevents.ndjson	500	0.73	684
load	MimicObservationLabevents.ndjson	500	0.70	709
load	MimicObservationLabevents.ndjson	500	0.68	741
load	MimicObservationLabevents.ndjson	500	0.73	685
load	MimicObservationLabevents.ndjson	500	0.71	708
load	MimicObservationLabevents.ndjson	500	0.69	728
load	MimicObservationLabevents.ndjson	500	0.79	631
load	MimicObservationLabevents.ndjson	500	1.00	502
load	MimicObservationLabevents.ndjson	500	0.99	504
load	MimicObservationLabevents.ndjson	500	0.95	526
load	MimicObservationLabevents.ndjson	500	0.97	513
load	MimicObservationLabevents.ndjson	500	0.92	545
load	MimicObservationLabevents.ndjson	500	0.97	517
load	MimicObservationLabevents.ndjson	500	0.98	509
load	MimicObservationLabevents.ndjson	500	1.00	502
load	MimicObservationLabevents.ndjson	500	1.04	481
load	MimicObservationLabevents.ndjson	500	0.98	509
load	MimicObservationLabevents.ndjson	500	0.97	518
load	MimicObservationLabevents.ndjson	500	0.90	559
load	MimicObservationLabevents.ndjson	500	0.77	654
load	MimicObservationLabevents.ndjson	500	0.92	542
load	MimicObservationLabevents.ndjson	500	0.97	513
load	MimicObservationLabevents.ndjson	500	0.96	522
load	MimicObservationLabevents.ndjson	500	1.00	502
load	MimicObservationLabevents.ndjson	500	1.00	502
load	MimicObservationLabevents.ndjson	500	0.95	528
load	MimicObservationLabevents.ndjson	500	1.00	502
load	MimicObservationLabevents.ndjson	500	1.01	497
load	MimicObservationLabevents.ndjson	500	0.96	523
load	MimicObservationLabevents.ndjson	500	0.99	505
load	MimicObservationLabevents.ndjson	500	0.94	531
load	MimicObservationLabevents.ndjson	500	0.97	515
load	MimicObservationLabevents.ndjson	500	0.83	602
load	MimicObservationLabevents.ndjson	500	0.88	567
load	MimicObservationLabevents.ndjson	500	1.03	483
load	MimicObservationLabevents.ndjson	500	1.12	447
load	MimicObservationLabevents.ndjson	500	1.05	474
load	MimicObservationLabevents.ndjson	500	1.01	496
load	MimicObservationLabevents.ndjson	500	0.78	639
load	MimicObservationLabevents.ndjson	500	0.96	520
load	MimicObservationLabevents.ndjson	500	0.99	505
load	MimicObservationLabevents.ndjson	500	1.14	438
load	MimicObservationLabevents.ndjson	500	0.96	522
load	MimicObservationLabevents.ndjson	500	0.79	631
load	MimicObservationLabevents.ndjson	500	1.09	459
load	MimicObservationLabevents.ndjson	500	1.06	473
load	MimicObservationLabevents.ndjson	500	1.03	485
load	MimicObservationLabevents.ndjson	500	1.07	468
load	MimicObservationLabevents.ndjson	500	1.06	473
load	MimicObservationLabevents.ndjson	500	1.01	496
load	MimicObservationLabevents.ndjson	500	0.79	635
load	MimicObservationLabevents.ndjson	500	0.99	504
load	MimicObservationLabevents.ndjson	500	0.80	629
load	MimicObservationLabevents.ndjson	500	1.00	501
load	MimicObservationLabevents.ndjson	500	1.05	476
load	MimicObservationLabevents.ndjson	500	1.00	501
load	MimicObservationLabevents.ndjson	500	1.05	476
load	MimicObservationLabevents.ndjson	500	1.06	469
load	MimicObservationLabevents.ndjson	500	1.01	495
load	MimicObservationLabevents.ndjson	500	1.10	453
load	MimicObservationLabevents.ndjson	500	1.10	453
load	MimicObservationLabevents.ndjson	500	1.06	470
load	MimicObservationLabevents.ndjson	500	1.09	459
load	MimicObservationLabevents.ndjson	500	1.07	467
load	MimicObservationLabevents.ndjson	500	1.06	470
load	MimicObservationLabevents.ndjson	500	1.03	483
load	MimicObservationLabevents.ndjson	500	0.81	617
load	MimicObservationLabevents.ndjson	500	1.10	454
load	MimicObservationLabevents.ndjson	500	1.10	453
load	MimicObservationLabevents.ndjson	500	1.00	498
load	MimicObservationLabevents.ndjson	500	1.09	457
load	MimicObservationLabevents.ndjson	500	1.09	457
load	MimicObservationLabevents.ndjson	500	1.16	431
load	MimicObservationLabevents.ndjson	500	0.78	643
load	MimicObservationLabevents.ndjson	500	1.05	475
load	MimicObservationLabevents.ndjson	500	1.10	453
load	MimicObservationLabevents.ndjson	500	1.15	436
load	MimicObservationLabevents.ndjson	500	1.11	449
load	MimicObservationLabevents.ndjson	500	1.01	493
load	MimicObservationLabevents.ndjson	500	0.91	548
load	MimicObservationLabevents.ndjson	500	1.16	433
load	MimicObservationLabevents.ndjson	500	1.04	482
load	MimicObservationLabevents.ndjson	500	1.11	450
load	MimicObservationLabevents.ndjson	500	1.04	480
load	MimicObservationLabevents.ndjson	500	1.00	501
load	MimicObservationLabevents.ndjson	500	1.06	472
load	MimicObservationLabevents.ndjson	500	1.03	484
load	MimicObservationLabevents.ndjson	500	1.02	490
load	MimicObservationLabevents.ndjson	500	0.77	648
load	MimicObservationLabevents.ndjson	500	0.73	686
load	MimicObservationLabevents.ndjson	500	0.89	563
load	MimicObservationLabevents.ndjson	500	0.80	628
load	MimicObservationLabevents.ndjson	500	0.82	612
load	MimicObservationLabevents.ndjson	500	0.79	636
load	MimicObservationLabevents.ndjson	500	0.77	649
load	MimicObservationLabevents.ndjson	500	0.83	605
load	MimicObservationLabevents.ndjson	500	0.78	644
load	MimicObservationLabevents.ndjson	500	0.74	678
load	MimicObservationLabevents.ndjson	500	0.77	646
load	MimicObservationLabevents.ndjson	500	0.82	613
load	MimicObservationLabevents.ndjson	500	0.81	620
load	MimicObservationLabevents.ndjson	500	0.75	669
load	MimicObservationLabevents.ndjson	500	0.78	642
load	MimicObservationLabevents.ndjson	500	0.75	663
load	MimicObservationLabevents.ndjson	500	0.73	680
load	MimicObservationLabevents.ndjson	500	0.83	605
load	MimicObservationLabevents.ndjson	500	0.79	635
load	MimicObservationLabevents.ndjson	500	0.70	713
load	MimicObservationLabevents.ndjson	500	0.80	625
load	MimicObservationLabevents.ndjson	500	0.79	637
load	MimicObservationLabevents.ndjson	500	0.73	680
load	MimicObservationLabevents.ndjson	500	0.75	666
load	MimicObservationLabevents.ndjson	500	0.83	599
load	MimicObservationLabevents.ndjson	500	0.74	673
load	MimicObservationLabevents.ndjson	500	0.77	654
load	MimicObservationLabevents.ndjson	500	0.78	644
load	MimicObservationLabevents.ndjson	500	0.74	678
load	MimicObservationLabevents.ndjson	500	0.73	681
load	MimicObservationLabevents.ndjson	500	0.74	673
load	MimicObservationLabevents.ndjson	500	0.83	605
load	MimicObservationLabevents.ndjson	500	0.76	654
load	MimicObservationLabevents.ndjson	500	0.76	658
load	MimicObservationLabevents.ndjson	500	0.82	612
load	MimicObservationLabevents.ndjson	500	0.75	663
load	MimicObservationLabevents.ndjson	500	0.79	631
load	MimicObservationLabevents.ndjson	500	0.73	683
load	MimicObservationLabevents.ndjson	500	0.78	639
load	MimicObservationLabevents.ndjson	500	0.84	597
load	MimicObservationLabevents.ndjson	500	0.80	623
load	MimicObservationLabevents.ndjson	500	0.84	597
load	MimicObservationLabevents.ndjson	500	0.75	668
load	MimicObservationLabevents.ndjson	500	0.78	640
load	MimicObservationLabevents.ndjson	500	0.88	569
load	MimicObservationLabevents.ndjson	500	0.73	685
load	MimicObservationLabevents.ndjson	500	0.88	571
load	MimicObservationLabevents.ndjson	500	0.77	654
load	MimicObservationLabevents.ndjson	500	0.80	622
load	MimicObservationLabevents.ndjson	500	0.77	646
load	MimicObservationLabevents.ndjson	500	0.75	667
load	MimicObservationLabevents.ndjson	500	0.82	608
load	MimicObservationLabevents.ndjson	500	0.77	650
load	MimicObservationLabevents.ndjson	500	0.83	604
load	MimicObservationLabevents.ndjson	500	0.81	615
load	MimicObservationLabevents.ndjson	500	0.79	636
load	MimicObservationLabevents.ndjson	500	0.90	556
load	MimicObservationLabevents.ndjson	500	0.80	626
load	MimicObservationLabevents.ndjson	500	1.16	431
load	MimicObservationLabevents.ndjson	500	1.11	448
load	MimicObservationLabevents.ndjson	500	1.20	417
load	MimicObservationLabevents.ndjson	500	1.19	421
load	MimicObservationLabevents.ndjson	500	1.10	453
load	MimicObservationLabevents.ndjson	500	1.23	406
load	MimicObservationLabevents.ndjson	500	0.91	552
load	MimicObservationLabevents.ndjson	500	1.03	484
load	MimicObservationLabevents.ndjson	500	1.13	443
load	MimicObservationLabevents.ndjson	500	1.14	437
load	MimicObservationLabevents.ndjson	500	1.17	428
load	MimicObservationLabevents.ndjson	500	1.18	424
load	MimicObservationLabevents.ndjson	500	1.11	448
load	MimicObservationLabevents.ndjson	500	1.11	449
load	MimicObservationLabevents.ndjson	500	1.12	448
load	MimicObservationLabevents.ndjson	500	1.12	447
load	MimicObservationLabevents.ndjson	500	0.93	539
load	MimicObservationLabevents.ndjson	500	0.94	530
load	MimicObservationLabevents.ndjson	500	1.11	452
load	MimicObservationLabevents.ndjson	500	1.14	440
load	MimicObservationLabevents.ndjson	500	1.05	474
load	MimicObservationLabevents.ndjson	500	0.92	543
load	MimicObservationLabevents.ndjson	500	1.18	424
load	MimicObservationLabevents.ndjson	500	1.09	458
load	MimicObservationLabevents.ndjson	500	1.12	446
load	MimicObservationLabevents.ndjson	500	1.09	460
load	MimicObservationLabevents.ndjson	500	0.85	585
load	MimicObservationLabevents.ndjson	500	1.18	423
load	MimicObservationLabevents.ndjson	500	1.07	469
load	MimicObservationLabevents.ndjson	500	1.17	426
load	MimicObservationLabevents.ndjson	500	1.15	434
load	MimicObservationLabevents.ndjson	500	1.03	487
load	MimicObservationLabevents.ndjson	500	0.97	517
load	MimicObservationLabevents.ndjson	500	1.04	480
load	MimicObservationLabevents.ndjson	500	0.91	549
load	MimicObservationLabevents.ndjson	500	1.16	432
load	MimicObservationLabevents.ndjson	500	1.18	426
load	MimicObservationLabevents.ndjson	500	1.08	462
load	MimicObservationLabevents.ndjson	500	1.16	430
load	MimicObservationLabevents.ndjson	500	1.26	397
load	MimicObservationLabevents.ndjson	500	1.10	452
load	MimicObservationLabevents.ndjson	500	1.14	439
load	MimicObservationLabevents.ndjson	500	1.15	434
load	MimicObservationLabevents.ndjson	500	1.09	459
load	MimicObservationLabevents.ndjson	500	1.12	448
load	MimicObservationLabevents.ndjson	500	1.00	498
load	MimicObservationLabevents.ndjson	500	0.91	549
load	MimicObservationLabevents.ndjson	500	1.10	454
load	MimicObservationLabevents.ndjson	500	1.12	446
load	MimicObservationLabevents.ndjson	500	1.10	455
load	MimicObservationLabevents.ndjson	500	1.13	442
load	MimicObservationLabevents.ndjson	500	1.13	441
load	MimicObservationLabevents.ndjson	500	1.06	472
load	MimicObservationLabevents.ndjson	500	0.85	586
load	MimicObservationLabevents.ndjson	500	1.14	437
load	MimicObservationLabevents.ndjson	500	1.12	448
load	MimicObservationLabevents.ndjson	500	0.90	556
load	MimicObservationLabevents.ndjson	500	0.99	503
load	MimicObservationLabevents.ndjson	500	1.12	447
load	MimicObservationLabevents.ndjson	500	1.14	441
load	MimicObservationLabevents.ndjson	500	1.21	415
load	MimicObservationLabevents.ndjson	227	0.61	373
file	MimicObservationLabevents.ndjson	107727	216.00	499
load	MimicObservationChartevents.ndjson	500	1.03	484
load	MimicObservationChartevents.ndjson	500	1.00	502
load	MimicObservationChartevents.ndjson	500	0.90	556
load	MimicObservationChartevents.ndjson	500	0.78	645
load	MimicObservationChartevents.ndjson	500	0.77	651
load	MimicObservationChartevents.ndjson	500	0.81	617
load	MimicObservationChartevents.ndjson	500	0.77	652
load	MimicObservationChartevents.ndjson	500	0.73	684
load	MimicObservationChartevents.ndjson	500	0.77	651
load	MimicObservationChartevents.ndjson	500	0.72	693
load	MimicObservationChartevents.ndjson	500	0.76	658
load	MimicObservationChartevents.ndjson	500	0.71	708
load	MimicObservationChartevents.ndjson	500	0.74	675
load	MimicObservationChartevents.ndjson	500	0.72	692
load	MimicObservationChartevents.ndjson	500	0.74	679
load	MimicObservationChartevents.ndjson	500	0.71	700
load	MimicObservationChartevents.ndjson	500	0.82	611
load	MimicObservationChartevents.ndjson	500	0.71	707
load	MimicObservationChartevents.ndjson	500	0.71	700
load	MimicObservationChartevents.ndjson	500	0.76	654
load	MimicObservationChartevents.ndjson	500	0.73	686
load	MimicObservationChartevents.ndjson	500	0.74	672
load	MimicObservationChartevents.ndjson	500	0.72	693
load	MimicObservationChartevents.ndjson	500	0.74	678
load	MimicObservationChartevents.ndjson	500	0.68	733
load	MimicObservationChartevents.ndjson	500	0.71	701
load	MimicObservationChartevents.ndjson	500	0.72	691
load	MimicObservationChartevents.ndjson	500	0.81	618
load	MimicObservationChartevents.ndjson	500	0.71	699
load	MimicObservationChartevents.ndjson	500	0.73	684
load	MimicObservationChartevents.ndjson	500	0.74	677
load	MimicObservationChartevents.ndjson	500	0.69	723
load	MimicObservationChartevents.ndjson	500	0.67	749
load	MimicObservationChartevents.ndjson	500	0.76	660
load	MimicObservationChartevents.ndjson	500	0.67	745
load	MimicObservationChartevents.ndjson	500	0.66	760
load	MimicObservationChartevents.ndjson	500	0.66	762
load	MimicObservationChartevents.ndjson	500	0.69	729
load	MimicObservationChartevents.ndjson	500	0.73	689
load	MimicObservationChartevents.ndjson	500	0.68	736
load	MimicObservationChartevents.ndjson	500	0.71	708
load	MimicObservationChartevents.ndjson	500	0.80	625
load	MimicObservationChartevents.ndjson	500	0.68	731
load	MimicObservationChartevents.ndjson	500	0.69	730
load	MimicObservationChartevents.ndjson	500	0.76	660
load	MimicObservationChartevents.ndjson	500	0.72	695
load	MimicObservationChartevents.ndjson	500	0.66	763
load	MimicObservationChartevents.ndjson	500	0.67	742
load	MimicObservationChartevents.ndjson	500	0.69	728
load	MimicObservationChartevents.ndjson	500	0.78	644
load	MimicObservationChartevents.ndjson	500	0.73	685
load	MimicObservationChartevents.ndjson	500	0.72	693
load	MimicObservationChartevents.ndjson	500	0.78	639
load	MimicObservationChartevents.ndjson	500	0.71	702
load	MimicObservationChartevents.ndjson	500	0.69	719
load	MimicObservationChartevents.ndjson	500	0.82	608
load	MimicObservationChartevents.ndjson	500	0.70	718
load	MimicObservationChartevents.ndjson	500	0.83	605
load	MimicObservationChartevents.ndjson	500	1.01	495
load	MimicObservationChartevents.ndjson	500	1.00	500
load	MimicObservationChartevents.ndjson	500	0.99	505
load	MimicObservationChartevents.ndjson	500	1.07	469
load	MimicObservationChartevents.ndjson	500	1.01	496
load	MimicObservationChartevents.ndjson	500	0.88	566
load	MimicObservationChartevents.ndjson	500	0.86	584
load	MimicObservationChartevents.ndjson	500	0.99	506
load	MimicObservationChartevents.ndjson	500	1.10	453
load	MimicObservationChartevents.ndjson	500	1.03	484
load	MimicObservationChartevents.ndjson	500	1.08	463
load	MimicObservationChartevents.ndjson	500	1.04	481
load	MimicObservationChartevents.ndjson	500	1.01	496
load	MimicObservationChartevents.ndjson	500	0.96	521
load	MimicObservationChartevents.ndjson	500	1.01	493
load	MimicObservationChartevents.ndjson	500	1.02	492
load	MimicObservationChartevents.ndjson	500	0.94	534
load	MimicObservationChartevents.ndjson	500	1.04	481
load	MimicObservationChartevents.ndjson	500	0.97	514
load	MimicObservationChartevents.ndjson	500	0.77	654
load	MimicObservationChartevents.ndjson	500	0.96	519
load	MimicObservationChartevents.ndjson	500	0.99	503
load	MimicObservationChartevents.ndjson	500	1.00	501
load	MimicObservationChartevents.ndjson	500	1.00	502
load	MimicObservationChartevents.ndjson	500	0.98	510
load	MimicObservationChartevents.ndjson	500	1.00	501
load	MimicObservationChartevents.ndjson	500	0.76	654
load	MimicObservationChartevents.ndjson	500	0.95	527
load	MimicObservationChartevents.ndjson	500	0.94	530
load	MimicObservationChartevents.ndjson	500	1.03	486
load	MimicObservationChartevents.ndjson	500	1.03	485
load	MimicObservationChartevents.ndjson	500	1.00	499
load	MimicObservationChartevents.ndjson	500	1.07	466
load	MimicObservationChartevents.ndjson	500	0.99	504
load	MimicObservationChartevents.ndjson	500	0.99	505
load	MimicObservationChartevents.ndjson	500	1.01	497
load	MimicObservationChartevents.ndjson	500	0.84	596
load	MimicObservationChartevents.ndjson	500	0.86	582
load	MimicObservationChartevents.ndjson	500	0.98	509
load	MimicObservationChartevents.ndjson	500	1.01	495
load	MimicObservationChartevents.ndjson	500	0.93	536
load	MimicObservationChartevents.ndjson	500	0.80	625
load	MimicObservationChartevents.ndjson	500	1.04	483
load	MimicObservationChartevents.ndjson	500	0.78	641
load	MimicObservationChartevents.ndjson	500	0.85	589
load	MimicObservationChartevents.ndjson	500	0.99	503
load	MimicObservationChartevents.ndjson	500	0.93	541
load	MimicObservationChartevents.ndjson	500	1.03	485
load	MimicObservationChartevents.ndjson	500	1.04	483
load	MimicObservationChartevents.ndjson	500	1.07	468
load	MimicObservationChartevents.ndjson	500	1.02	488
load	MimicObservationChartevents.ndjson	500	0.76	658
load	MimicObservationChartevents.ndjson	500	0.95	525
load	MimicObservationChartevents.ndjson	500	0.99	504
load	MimicObservationChartevents.ndjson	500	0.99	506
load	MimicObservationChartevents.ndjson	500	1.02	489
load	MimicObservationChartevents.ndjson	500	1.01	494
load	MimicObservationChartevents.ndjson	500	1.00	500
load	MimicObservationChartevents.ndjson	500	1.09	460
load	MimicObservationChartevents.ndjson	500	1.03	484
load	MimicObservationChartevents.ndjson	500	1.02	490
load	MimicObservationChartevents.ndjson	500	0.80	625
load	MimicObservationChartevents.ndjson	500	0.85	589
load	MimicObservationChartevents.ndjson	500	1.04	479
load	MimicObservationChartevents.ndjson	500	1.07	469
load	MimicObservationChartevents.ndjson	500	1.05	476
load	MimicObservationChartevents.ndjson	500	0.84	598
load	MimicObservationChartevents.ndjson	500	0.83	601
load	MimicObservationChartevents.ndjson	500	0.99	506
load	MimicObservationChartevents.ndjson	500	1.03	484
load	MimicObservationChartevents.ndjson	500	1.09	460
load	MimicObservationChartevents.ndjson	500	0.99	504
load	MimicObservationChartevents.ndjson	500	1.02	491
load	MimicObservationChartevents.ndjson	500	1.04	479
load	MimicObservationChartevents.ndjson	500	1.01	495
load	MimicObservationChartevents.ndjson	500	1.03	485
load	MimicObservationChartevents.ndjson	500	1.00	499
load	MimicObservationChartevents.ndjson	500	0.74	676
load	MimicObservationChartevents.ndjson	500	0.75	666
load	MimicObservationChartevents.ndjson	500	0.78	641
load	MimicObservationChartevents.ndjson	500	0.78	644
load	MimicObservationChartevents.ndjson	500	0.78	642
load	MimicObservationChartevents.ndjson	500	0.83	599
load	MimicObservationChartevents.ndjson	500	0.81	617
load	MimicObservationChartevents.ndjson	500	0.73	681
load	MimicObservationChartevents.ndjson	500	0.82	608
load	MimicObservationChartevents.ndjson	500	0.80	627
load	MimicObservationChartevents.ndjson	500	0.76	658
load	MimicObservationChartevents.ndjson	500	0.80	628
load	MimicObservationChartevents.ndjson	500	0.79	631
load	MimicObservationChartevents.ndjson	500	0.83	602
load	MimicObservationChartevents.ndjson	500	0.79	631
load	MimicObservationChartevents.ndjson	500	0.86	584
load	MimicObservationChartevents.ndjson	500	0.73	687
load	MimicObservationChartevents.ndjson	500	0.74	672
load	MimicObservationChartevents.ndjson	500	0.85	586
load	MimicObservationChartevents.ndjson	500	0.72	693
load	MimicObservationChartevents.ndjson	500	0.72	695
load	MimicObservationChartevents.ndjson	500	0.68	740
load	MimicObservationChartevents.ndjson	500	0.75	670
load	MimicObservationChartevents.ndjson	500	0.78	639
load	MimicObservationChartevents.ndjson	500	0.72	693
load	MimicObservationChartevents.ndjson	500	0.74	671
load	MimicObservationChartevents.ndjson	500	0.82	608
load	MimicObservationChartevents.ndjson	500	0.73	685
load	MimicObservationChartevents.ndjson	500	0.83	605
load	MimicObservationChartevents.ndjson	500	0.79	636
load	MimicObservationChartevents.ndjson	500	0.72	694
load	MimicObservationChartevents.ndjson	500	0.73	683
load	MimicObservationChartevents.ndjson	500	0.74	676
load	MimicObservationChartevents.ndjson	500	0.78	638
load	MimicObservationChartevents.ndjson	500	0.86	581
load	MimicObservationChartevents.ndjson	500	0.93	541
load	MimicObservationChartevents.ndjson	500	1.05	474
load	MimicObservationChartevents.ndjson	500	0.81	615
load	MimicObservationChartevents.ndjson	500	0.80	625
load	MimicObservationChartevents.ndjson	500	0.86	578
load	MimicObservationChartevents.ndjson	500	0.77	649
load	MimicObservationChartevents.ndjson	500	0.79	637
load	MimicObservationChartevents.ndjson	500	1.08	461
load	MimicObservationChartevents.ndjson	500	1.08	465
load	MimicObservationChartevents.ndjson	500	1.06	473
load	MimicObservationChartevents.ndjson	500	1.06	470
load	MimicObservationChartevents.ndjson	500	1.05	474
load	MimicObservationChartevents.ndjson	500	1.08	463
load	MimicObservationChartevents.ndjson	500	1.05	475
load	MimicObservationChartevents.ndjson	500	0.84	598
load	MimicObservationChartevents.ndjson	500	0.86	582
load	MimicObservationChartevents.ndjson	500	1.07	469
load	MimicObservationChartevents.ndjson	500	1.00	498
load	MimicObservationChartevents.ndjson	500	1.08	462
load	MimicObservationChartevents.ndjson	500	1.02	490
load	MimicObservationChartevents.ndjson	500	1.11	451
load	MimicObservationChartevents.ndjson	500	0.81	617
load	MimicObservationChartevents.ndjson	500	0.96	522
load	MimicObservationChartevents.ndjson	500	1.01	495
load	MimicObservationChartevents.ndjson	500	1.03	485
load	MimicObservationChartevents.ndjson	500	0.97	515
load	MimicObservationChartevents.ndjson	500	0.82	609
load	MimicObservationChartevents.ndjson	500	0.94	532
load	MimicObservationChartevents.ndjson	500	1.01	497
load	MimicObservationChartevents.ndjson	500	0.99	505
load	MimicObservationChartevents.ndjson	500	0.82	607
load	MimicObservationChartevents.ndjson	500	1.01	496
load	MimicObservationChartevents.ndjson	500	1.08	463
load	MimicObservationChartevents.ndjson	500	1.03	484
load	MimicObservationChartevents.ndjson	500	1.05	475
load	MimicObservationChartevents.ndjson	500	0.82	608
load	MimicObservationChartevents.ndjson	500	0.88	571
load	MimicObservationChartevents.ndjson	500	0.70	712
load	MimicObservationChartevents.ndjson	500	0.73	687
load	MimicObservationChartevents.ndjson	500	0.95	526
load	MimicObservationChartevents.ndjson	500	0.91	551
load	MimicObservationChartevents.ndjson	500	1.01	497
load	MimicObservationChartevents.ndjson	500	1.03	484
load	MimicObservationChartevents.ndjson	500	1.19	421
load	MimicObservationChartevents.ndjson	500	1.16	431
load	MimicObservationChartevents.ndjson	500	1.21	414
load	MimicObservationChartevents.ndjson	500	1.20	416
load	MimicObservationChartevents.ndjson	500	1.14	438
load	MimicObservationChartevents.ndjson	500	1.13	443
load	MimicObservationChartevents.ndjson	500	1.17	429
load	MimicObservationChartevents.ndjson	500	0.97	517
load	MimicObservationChartevents.ndjson	500	1.18	426
load	MimicObservationChartevents.ndjson	500	0.96	519
load	MimicObservationChartevents.ndjson	500	1.04	482
load	MimicObservationChartevents.ndjson	500	0.96	520
load	MimicObservationChartevents.ndjson	500	0.95	526
load	MimicObservationChartevents.ndjson	500	0.98	511
load	MimicObservationChartevents.ndjson	500	0.90	557
load	MimicObservationChartevents.ndjson	500	0.95	525
load	MimicObservationChartevents.ndjson	500	0.95	525
load	MimicObservationChartevents.ndjson	500	0.93	541
load	MimicObservationChartevents.ndjson	500	0.66	753
load	MimicObservationChartevents.ndjson	500	0.96	518
load	MimicObservationChartevents.ndjson	500	0.87	575
load	MimicObservationChartevents.ndjson	500	0.71	708
load	MimicObservationChartevents.ndjson	500	0.89	565
load	MimicObservationChartevents.ndjson	500	0.97	518
load	MimicObservationChartevents.ndjson	500	0.91	547
load	MimicObservationChartevents.ndjson	500	1.00	501
load	MimicObservationChartevents.ndjson	500	0.91	549
load	MimicObservationChartevents.ndjson	500	0.93	538
load	MimicObservationChartevents.ndjson	500	0.93	539
load	MimicObservationChartevents.ndjson	500	0.66	758
load	MimicObservationChartevents.ndjson	500	0.63	797
load	MimicObservationChartevents.ndjson	500	0.74	675
load	MimicObservationChartevents.ndjson	500	0.64	778
load	MimicObservationChartevents.ndjson	500	0.63	795
load	MimicObservationChartevents.ndjson	500	0.67	750
load	MimicObservationChartevents.ndjson	500	0.66	760
load	MimicObservationChartevents.ndjson	500	0.64	776
load	MimicObservationChartevents.ndjson	500	0.66	755
load	MimicObservationChartevents.ndjson	500	0.70	717
load	MimicObservationChartevents.ndjson	500	0.66	762
load	MimicObservationChartevents.ndjson	500	0.66	760
load	MimicObservationChartevents.ndjson	500	0.64	787
load	MimicObservationChartevents.ndjson	500	0.64	786
load	MimicObservationChartevents.ndjson	500	0.70	717
load	MimicObservationChartevents.ndjson	500	0.64	782
load	MimicObservationChartevents.ndjson	500	0.64	785
load	MimicObservationChartevents.ndjson	500	0.73	689
load	MimicObservationChartevents.ndjson	500	0.65	765
load	MimicObservationChartevents.ndjson	500	0.63	799
load	MimicObservationChartevents.ndjson	500	0.71	706
load	MimicObservationChartevents.ndjson	500	0.64	779
load	MimicObservationChartevents.ndjson	500	0.66	758
load	MimicObservationChartevents.ndjson	500	0.63	797
load	MimicObservationChartevents.ndjson	500	0.64	779
load	MimicObservationChartevents.ndjson	500	0.65	773
load	MimicObservationChartevents.ndjson	500	0.67	749
load	MimicObservationChartevents.ndjson	500	0.65	767
load	MimicObservationChartevents.ndjson	500	0.66	754
load	MimicObservationChartevents.ndjson	500	0.73	687
load	MimicObservationChartevents.ndjson	500	0.65	775
load	MimicObservationChartevents.ndjson	500	0.62	804
load	MimicObservationChartevents.ndjson	500	0.72	695
load	MimicObservationChartevents.ndjson	500	0.66	758
load	MimicObservationChartevents.ndjson	500	0.63	799
load	MimicObservationChartevents.ndjson	500	0.91	549
load	MimicObservationChartevents.ndjson	500	0.96	518
load	MimicObservationChartevents.ndjson	500	0.88	568
load	MimicObservationChartevents.ndjson	500	0.97	518
load	MimicObservationChartevents.ndjson	500	0.94	532
load	MimicObservationChartevents.ndjson	500	0.92	543
load	MimicObservationChartevents.ndjson	500	0.92	543
load	MimicObservationChartevents.ndjson	500	0.94	535
load	MimicObservationChartevents.ndjson	500	0.87	577
load	MimicObservationChartevents.ndjson	500	0.83	599
load	MimicObservationChartevents.ndjson	500	0.68	741
load	MimicObservationChartevents.ndjson	500	0.99	504
load	MimicObservationChartevents.ndjson	500	0.90	557
load	MimicObservationChartevents.ndjson	500	0.92	544
load	MimicObservationChartevents.ndjson	500	0.90	554
load	MimicObservationChartevents.ndjson	500	0.93	536
load	MimicObservationChartevents.ndjson	500	0.94	534
load	MimicObservationChartevents.ndjson	500	0.97	516
load	MimicObservationChartevents.ndjson	500	0.89	564
load	MimicObservationChartevents.ndjson	500	0.68	739
load	MimicObservationChartevents.ndjson	500	0.84	594
load	MimicObservationChartevents.ndjson	500	0.97	513
load	MimicObservationChartevents.ndjson	500	0.95	529
load	MimicObservationChartevents.ndjson	500	1.00	499
load	MimicObservationChartevents.ndjson	500	0.86	583
load	MimicObservationChartevents.ndjson	500	0.74	677
load	MimicObservationChartevents.ndjson	500	0.95	526
load	MimicObservationChartevents.ndjson	500	0.97	517
load	MimicObservationChartevents.ndjson	500	0.70	712
load	MimicObservationChartevents.ndjson	500	0.77	647
load	MimicObservationChartevents.ndjson	500	0.83	604
load	MimicObservationChartevents.ndjson	500	0.69	723
load	MimicObservationChartevents.ndjson	500	0.93	538
load	MimicObservationChartevents.ndjson	500	0.68	732
load	MimicObservationChartevents.ndjson	500	0.85	588
load	MimicObservationChartevents.ndjson	500	0.96	522
load	MimicObservationChartevents.ndjson	500	0.90	556
load	MimicObservationChartevents.ndjson	500	0.96	522
load	MimicObservationChartevents.ndjson	500	0.91	552
load	MimicObservationChartevents.ndjson	500	0.93	538
load	MimicObservationChartevents.ndjson	500	0.93	539
load	MimicObservationChartevents.ndjson	500	0.92	546
load	MimicObservationChartevents.ndjson	500	0.90	553
load	MimicObservationChartevents.ndjson	500	0.65	768
load	MimicObservationChartevents.ndjson	500	0.87	577
load	MimicObservationChartevents.ndjson	500	0.91	552
load	MimicObservationChartevents.ndjson	500	0.91	552
load	MimicObservationChartevents.ndjson	500	0.89	563
load	MimicObservationChartevents.ndjson	500	0.96	522
load	MimicObservationChartevents.ndjson	500	0.93	540
load	MimicObservationChartevents.ndjson	500	0.90	558
load	MimicObservationChartevents.ndjson	500	0.88	569
load	MimicObservationChartevents.ndjson	500	0.67	747
load	MimicObservationChartevents.ndjson	500	0.86	581
load	MimicObservationChartevents.ndjson	500	0.66	763
load	MimicObservationChartevents.ndjson	500	0.92	541
load	MimicObservationChartevents.ndjson	500	0.90	555
load	MimicObservationChartevents.ndjson	500	0.99	507
load	MimicObservationChartevents.ndjson	500	0.90	557
load	MimicObservationChartevents.ndjson	500	0.93	541
load	MimicObservationChartevents.ndjson	500	0.91	549
load	MimicObservationChartevents.ndjson	500	0.94	532
load	MimicObservationChartevents.ndjson	500	0.71	702
load	MimicObservationChartevents.ndjson	500	0.62	806
load	MimicObservationChartevents.ndjson	500	0.63	800
load	MimicObservationChartevents.ndjson	500	0.70	713
load	MimicObservationChartevents.ndjson	500	0.62	804
load	MimicObservationChartevents.ndjson	500	0.62	805
load	MimicObservationChartevents.ndjson	500	0.74	677
load	MimicObservationChartevents.ndjson	500	0.63	794
load	MimicObservationChartevents.ndjson	500	0.64	785
load	MimicObservationChartevents.ndjson	500	0.72	690
load	MimicObservationChartevents.ndjson	500	0.63	794
load	MimicObservationChartevents.ndjson	500	0.65	773
load	MimicObservationChartevents.ndjson	500	0.64	786
load	MimicObservationChartevents.ndjson	500	0.63	800
load	MimicObservationChartevents.ndjson	500	0.66	756
load	MimicObservationChartevents.ndjson	500	0.68	736
load	MimicObservationChartevents.ndjson	500	0.63	790
load	MimicObservationChartevents.ndjson	500	0.60	828
load	MimicObservationChartevents.ndjson	500	0.71	700
load	MimicObservationChartevents.ndjson	500	0.58	865
load	MimicObservationChartevents.ndjson	500	0.65	773
load	MimicObservationChartevents.ndjson	500	0.70	712
load	MimicObservationChartevents.ndjson	500	0.61	824
load	MimicObservationChartevents.ndjson	500	0.66	759
load	MimicObservationChartevents.ndjson	500	0.59	842
load	MimicObservationChartevents.ndjson	500	0.62	806
load	MimicObservationChartevents.ndjson	500	0.68	733
load	MimicObservationChartevents.ndjson	500	0.62	801
load	MimicObservationChartevents.ndjson	500	0.61	820
load	MimicObservationChartevents.ndjson	500	0.64	785
load	MimicObservationChartevents.ndjson	500	0.64	781
load	MimicObservationChartevents.ndjson	500	0.65	773
load	MimicObservationChartevents.ndjson	500	0.63	800
load	MimicObservationChartevents.ndjson	500	0.72	696
load	MimicObservationChartevents.ndjson	500	0.64	779
load	MimicObservationChartevents.ndjson	500	0.69	730
load	MimicObservationChartevents.ndjson	500	0.66	760
load	MimicObservationChartevents.ndjson	500	0.64	781
load	MimicObservationChartevents.ndjson	500	0.66	760
load	MimicObservationChartevents.ndjson	500	0.67	742
load	MimicObservationChartevents.ndjson	500	0.64	780
load	MimicObservationChartevents.ndjson	500	0.70	714
load	MimicObservationChartevents.ndjson	500	0.62	812
load	MimicObservationChartevents.ndjson	500	0.62	812
load	MimicObservationChartevents.ndjson	500	0.72	698
load	MimicObservationChartevents.ndjson	500	0.62	810
load	MimicObservationChartevents.ndjson	500	0.72	690
load	MimicObservationChartevents.ndjson	500	0.66	763
load	MimicObservationChartevents.ndjson	500	0.64	784
load	MimicObservationChartevents.ndjson	500	0.62	801
load	MimicObservationChartevents.ndjson	500	0.68	737
load	MimicObservationChartevents.ndjson	500	0.63	795
load	MimicObservationChartevents.ndjson	500	0.64	776
load	MimicObservationChartevents.ndjson	500	0.69	724
load	MimicObservationChartevents.ndjson	500	0.66	754
load	MimicObservationChartevents.ndjson	500	0.69	725
load	MimicObservationChartevents.ndjson	500	0.68	734
load	MimicObservationChartevents.ndjson	500	0.61	816
load	MimicObservationChartevents.ndjson	500	0.68	732
load	MimicObservationChartevents.ndjson	500	0.92	543
load	MimicObservationChartevents.ndjson	500	0.91	549
load	MimicObservationChartevents.ndjson	500	0.70	709
load	MimicObservationChartevents.ndjson	500	0.77	649
load	MimicObservationChartevents.ndjson	500	0.92	541
load	MimicObservationChartevents.ndjson	500	0.93	540
load	MimicObservationChartevents.ndjson	500	0.89	560
load	MimicObservationChartevents.ndjson	500	0.91	549
load	MimicObservationChartevents.ndjson	500	0.91	552
load	MimicObservationChartevents.ndjson	500	0.92	545
load	MimicObservationChartevents.ndjson	500	0.81	620
load	MimicObservationChartevents.ndjson	500	0.68	733
load	MimicObservationChartevents.ndjson	500	0.89	565
load	MimicObservationChartevents.ndjson	500	0.92	542
load	MimicObservationChartevents.ndjson	500	0.90	554
load	MimicObservationChartevents.ndjson	500	0.90	557
load	MimicObservationChartevents.ndjson	500	0.93	538
load	MimicObservationChartevents.ndjson	500	0.92	546
load	MimicObservationChartevents.ndjson	500	0.91	551
load	MimicObservationChartevents.ndjson	500	0.90	553
load	MimicObservationChartevents.ndjson	500	0.97	518
load	MimicObservationChartevents.ndjson	500	0.67	746
load	MimicObservationChartevents.ndjson	500	0.79	631
load	MimicObservationChartevents.ndjson	500	0.91	550
load	MimicObservationChartevents.ndjson	500	0.95	526
load	MimicObservationChartevents.ndjson	500	0.93	535
load	MimicObservationChartevents.ndjson	500	0.95	525
load	MimicObservationChartevents.ndjson	500	0.90	556
load	MimicObservationChartevents.ndjson	500	0.92	546
load	MimicObservationChartevents.ndjson	500	0.93	541
load	MimicObservationChartevents.ndjson	500	0.90	557
load	MimicObservationChartevents.ndjson	500	0.93	537
load	MimicObservationChartevents.ndjson	500	0.86	578
load	MimicObservationChartevents.ndjson	500	0.69	720
load	MimicObservationChartevents.ndjson	500	0.84	594
load	MimicObservationChartevents.ndjson	500	0.96	522
load	MimicObservationChartevents.ndjson	500	0.94	531
load	MimicObservationChartevents.ndjson	500	0.90	556
load	MimicObservationChartevents.ndjson	500	0.90	555
load	MimicObservationChartevents.ndjson	500	0.86	579
load	MimicObservationChartevents.ndjson	500	0.66	755
load	MimicObservationChartevents.ndjson	500	0.92	546
load	MimicObservationChartevents.ndjson	500	0.94	529
load	MimicObservationChartevents.ndjson	500	0.93	541
load	MimicObservationChartevents.ndjson	500	0.79	630
load	MimicObservationChartevents.ndjson	500	0.72	696
load	MimicObservationChartevents.ndjson	500	0.87	574
load	MimicObservationChartevents.ndjson	500	0.90	559
load	MimicObservationChartevents.ndjson	500	0.89	562
load	MimicObservationChartevents.ndjson	500	0.95	524
load	MimicObservationChartevents.ndjson	500	0.92	542
load	MimicObservationChartevents.ndjson	500	0.96	522
load	MimicObservationChartevents.ndjson	500	0.93	535
load	MimicObservationChartevents.ndjson	500	0.90	556
load	MimicObservationChartevents.ndjson	500	0.91	548
load	MimicObservationChartevents.ndjson	500	0.96	519
load	MimicObservationChartevents.ndjson	500	0.94	530
load	MimicObservationChartevents.ndjson	500	0.90	559
load	MimicObservationChartevents.ndjson	500	0.95	528
load	MimicObservationChartevents.ndjson	500	0.86	578
load	MimicObservationChartevents.ndjson	500	0.90	556
load	MimicObservationChartevents.ndjson	500	0.64	778
load	MimicObservationChartevents.ndjson	500	0.78	645
load	MimicObservationChartevents.ndjson	500	0.91	549
load	MimicObservationChartevents.ndjson	500	0.92	543
load	MimicObservationChartevents.ndjson	500	0.90	555
load	MimicObservationChartevents.ndjson	500	0.90	557
load	MimicObservationChartevents.ndjson	500	0.88	568
load	MimicObservationChartevents.ndjson	500	0.90	556
load	MimicObservationChartevents.ndjson	500	0.92	543
load	MimicObservationChartevents.ndjson	500	0.88	570
load	MimicObservationChartevents.ndjson	500	0.87	575
load	MimicObservationChartevents.ndjson	500	0.69	728
load	MimicObservationChartevents.ndjson	500	0.73	688
load	MimicObservationChartevents.ndjson	500	0.90	556
load	MimicObservationChartevents.ndjson	500	0.90	554
load	MimicObservationChartevents.ndjson	500	0.79	634
load	MimicObservationChartevents.ndjson	500	0.69	725
load	MimicObservationChartevents.ndjson	500	0.93	535
load	MimicObservationChartevents.ndjson	500	0.89	562
load	MimicObservationChartevents.ndjson	500	0.90	556
load	MimicObservationChartevents.ndjson	500	0.89	561
load	MimicObservationChartevents.ndjson	500	0.88	568
load	MimicObservationChartevents.ndjson	500	0.92	544
load	MimicObservationChartevents.ndjson	500	0.90	556
load	MimicObservationChartevents.ndjson	500	0.90	556
load	MimicObservationChartevents.ndjson	500	0.69	725
load	MimicObservationChartevents.ndjson	500	0.66	758
load	MimicObservationChartevents.ndjson	500	0.65	775
load	MimicObservationChartevents.ndjson	500	0.68	731
load	MimicObservationChartevents.ndjson	500	0.60	828
load	MimicObservationChartevents.ndjson	500	0.63	799
load	MimicObservationChartevents.ndjson	500	0.68	736
load	MimicObservationChartevents.ndjson	500	0.63	795
load	MimicObservationChartevents.ndjson	500	0.63	800
load	MimicObservationChartevents.ndjson	500	0.72	697
load	MimicObservationChartevents.ndjson	500	0.63	790
load	MimicObservationChartevents.ndjson	500	0.63	794
load	MimicObservationChartevents.ndjson	500	0.64	781
load	MimicObservationChartevents.ndjson	500	0.60	831
load	MimicObservationChartevents.ndjson	500	0.66	754
load	MimicObservationChartevents.ndjson	500	0.61	820
load	MimicObservationChartevents.ndjson	500	0.63	795
load	MimicObservationChartevents.ndjson	500	0.70	715
load	MimicObservationChartevents.ndjson	500	0.62	812
load	MimicObservationChartevents.ndjson	500	0.64	779
load	MimicObservationChartevents.ndjson	500	0.68	731
load	MimicObservationChartevents.ndjson	500	0.60	835
load	MimicObservationChartevents.ndjson	500	0.59	840
load	MimicObservationChartevents.ndjson	500	0.60	832
load	MimicObservationChartevents.ndjson	500	0.62	812
load	MimicObservationChartevents.ndjson	500	0.63	796
load	MimicObservationChartevents.ndjson	500	0.69	729
load	MimicObservationChartevents.ndjson	500	0.61	821
load	MimicObservationChartevents.ndjson	500	0.63	789
load	MimicObservationChartevents.ndjson	500	0.67	744
load	MimicObservationChartevents.ndjson	500	0.62	812
load	MimicObservationChartevents.ndjson	500	0.62	812
load	MimicObservationChartevents.ndjson	500	0.70	712
load	MimicObservationChartevents.ndjson	500	0.60	829
load	MimicObservationChartevents.ndjson	500	0.59	840
load	MimicObservationChartevents.ndjson	500	0.59	843
load	MimicObservationChartevents.ndjson	500	0.60	839
load	MimicObservationChartevents.ndjson	500	0.67	752
load	MimicObservationChartevents.ndjson	500	0.63	800
load	MimicObservationChartevents.ndjson	500	0.61	814
load	MimicObservationChartevents.ndjson	500	0.71	702
load	MimicObservationChartevents.ndjson	500	0.72	693
load	MimicObservationChartevents.ndjson	500	0.70	710
load	MimicObservationChartevents.ndjson	500	0.75	667
load	MimicObservationChartevents.ndjson	500	0.69	719
load	MimicObservationChartevents.ndjson	500	0.66	758
load	MimicObservationChartevents.ndjson	500	0.78	641
load	MimicObservationChartevents.ndjson	500	0.92	544
load	MimicObservationChartevents.ndjson	500	0.98	508
load	MimicObservationChartevents.ndjson	500	0.94	532
load	MimicObservationChartevents.ndjson	500	0.90	555
load	MimicObservationChartevents.ndjson	500	0.91	551
load	MimicObservationChartevents.ndjson	500	0.87	573
load	MimicObservationChartevents.ndjson	500	0.66	762
load	MimicObservationChartevents.ndjson	500	0.82	611
load	MimicObservationChartevents.ndjson	500	0.92	545
load	MimicObservationChartevents.ndjson	500	0.88	571
load	MimicObservationChartevents.ndjson	500	0.89	562
load	MimicObservationChartevents.ndjson	500	0.71	699
load	MimicObservationChartevents.ndjson	500	0.74	678
load	MimicObservationChartevents.ndjson	500	0.90	554
load	MimicObservationChartevents.ndjson	500	0.93	538
load	MimicObservationChartevents.ndjson	500	0.93	536
load	MimicObservationChartevents.ndjson	500	0.89	562
load	MimicObservationChartevents.ndjson	500	0.89	563
load	MimicObservationChartevents.ndjson	500	0.79	637
load	MimicObservationChartevents.ndjson	500	0.70	712
load	MimicObservationChartevents.ndjson	500	0.91	547
load	MimicObservationChartevents.ndjson	500	0.88	569
load	MimicObservationChartevents.ndjson	500	0.67	744
load	MimicObservationChartevents.ndjson	500	0.88	568
load	MimicObservationChartevents.ndjson	500	0.87	575
load	MimicObservationChartevents.ndjson	500	0.67	743
load	MimicObservationChartevents.ndjson	500	0.88	570
load	MimicObservationChartevents.ndjson	500	0.68	732
load	MimicObservationChartevents.ndjson	500	0.77	652
load	MimicObservationChartevents.ndjson	500	0.92	546
load	MimicObservationChartevents.ndjson	500	0.91	547
load	MimicObservationChartevents.ndjson	500	0.94	534
load	MimicObservationChartevents.ndjson	500	0.90	553
load	MimicObservationChartevents.ndjson	500	0.93	536
load	MimicObservationChartevents.ndjson	500	0.88	566
load	MimicObservationChartevents.ndjson	500	0.70	716
load	MimicObservationChartevents.ndjson	500	0.77	649
load	MimicObservationChartevents.ndjson	500	0.96	521
load	MimicObservationChartevents.ndjson	500	0.69	730
load	MimicObservationChartevents.ndjson	500	0.74	678
load	MimicObservationChartevents.ndjson	500	0.85	585
load	MimicObservationChartevents.ndjson	500	0.72	695
load	MimicObservationChartevents.ndjson	500	0.89	562
load	MimicObservationChartevents.ndjson	500	0.87	575
load	MimicObservationChartevents.ndjson	500	0.94	530
load	MimicObservationChartevents.ndjson	500	0.90	557
load	MimicObservationChartevents.ndjson	500	0.85	587
load	MimicObservationChartevents.ndjson	500	0.59	840
load	MimicObservationChartevents.ndjson	500	0.63	794
load	MimicObservationChartevents.ndjson	500	0.65	773
load	MimicObservationChartevents.ndjson	500	0.63	790
load	MimicObservationChartevents.ndjson	500	0.62	803
load	MimicObservationChartevents.ndjson	500	0.70	710
load	MimicObservationChartevents.ndjson	500	0.68	735
load	MimicObservationChartevents.ndjson	500	0.62	803
load	MimicObservationChartevents.ndjson	500	0.67	745
load	MimicObservationChartevents.ndjson	500	0.64	782
load	MimicObservationChartevents.ndjson	500	0.66	763
load	MimicObservationChartevents.ndjson	500	0.68	739
load	MimicObservationChartevents.ndjson	500	0.66	758
load	MimicObservationChartevents.ndjson	500	0.63	794
load	MimicObservationChartevents.ndjson	500	0.71	701
load	MimicObservationChartevents.ndjson	500	0.61	820
load	MimicObservationChartevents.ndjson	500	0.65	766
load	MimicObservationChartevents.ndjson	500	0.72	696
load	MimicObservationChartevents.ndjson	500	0.68	739
load	MimicObservationChartevents.ndjson	500	0.64	780
load	MimicObservationChartevents.ndjson	500	0.71	704
load	MimicObservationChartevents.ndjson	500	0.63	789
load	MimicObservationChartevents.ndjson	500	0.61	818
load	MimicObservationChartevents.ndjson	500	0.64	786
load	MimicObservationChartevents.ndjson	500	0.68	741
load	MimicObservationChartevents.ndjson	500	0.68	737
load	MimicObservationChartevents.ndjson	500	0.66	754
load	MimicObservationChartevents.ndjson	500	0.65	772
load	MimicObservationChartevents.ndjson	500	0.72	695
load	MimicObservationChartevents.ndjson	500	0.65	775
load	MimicObservationChartevents.ndjson	500	0.74	672
load	MimicObservationChartevents.ndjson	500	0.72	695
load	MimicObservationChartevents.ndjson	500	0.63	797
load	MimicObservationChartevents.ndjson	500	0.65	767
load	MimicObservationChartevents.ndjson	500	0.76	660
load	MimicObservationChartevents.ndjson	500	1.02	492
load	MimicObservationChartevents.ndjson	500	0.97	517
load	MimicObservationChartevents.ndjson	500	0.90	555
load	MimicObservationChartevents.ndjson	500	0.94	534
load	MimicObservationChartevents.ndjson	500	0.91	552
load	MimicObservationChartevents.ndjson	500	0.81	618
load	MimicObservationChartevents.ndjson	500	0.72	691
load	MimicObservationChartevents.ndjson	500	0.87	576
load	MimicObservationChartevents.ndjson	500	0.97	518
load	MimicObservationChartevents.ndjson	500	0.95	524
load	MimicObservationChartevents.ndjson	500	0.91	552
load	MimicObservationChartevents.ndjson	500	0.84	594
load	MimicObservationChartevents.ndjson	500	0.66	761
load	MimicObservationChartevents.ndjson	500	0.94	535
load	MimicObservationChartevents.ndjson	500	0.98	510
load	MimicObservationChartevents.ndjson	500	0.93	538
load	MimicObservationChartevents.ndjson	500	0.73	680
load	MimicObservationChartevents.ndjson	500	0.72	693
load	MimicObservationChartevents.ndjson	500	0.98	508
load	MimicObservationChartevents.ndjson	500	0.99	503
load	MimicObservationChartevents.ndjson	500	0.74	671
load	MimicObservationChartevents.ndjson	500	0.75	668
load	MimicObservationChartevents.ndjson	500	0.94	530
load	MimicObservationChartevents.ndjson	500	0.93	540
load	MimicObservationChartevents.ndjson	500	1.01	496
load	MimicObservationChartevents.ndjson	500	0.67	752
load	MimicObservationChartevents.ndjson	500	0.81	621
load	MimicObservationChartevents.ndjson	500	0.79	633
load	MimicObservationChartevents.ndjson	500	0.66	754
load	MimicObservationChartevents.ndjson	500	0.88	571
load	MimicObservationChartevents.ndjson	500	0.95	526
load	MimicObservationChartevents.ndjson	500	0.90	556
load	MimicObservationChartevents.ndjson	500	0.94	532
load	MimicObservationChartevents.ndjson	500	0.89	564
load	MimicObservationChartevents.ndjson	500	0.92	544
load	MimicObservationChartevents.ndjson	500	0.92	542
load	MimicObservationChartevents.ndjson	500	0.92	546
load	MimicObservationChartevents.ndjson	500	0.86	579
load	MimicObservationChartevents.ndjson	500	0.93	539
load	MimicObservationChartevents.ndjson	500	0.86	579
load	MimicObservationChartevents.ndjson	500	0.66	753
load	MimicObservationChartevents.ndjson	500	0.78	638
load	MimicObservationChartevents.ndjson	500	0.87	573
load	MimicObservationChartevents.ndjson	500	0.63	799
load	MimicObservationChartevents.ndjson	500	0.94	530
load	MimicObservationChartevents.ndjson	500	0.68	733
load	MimicObservationChartevents.ndjson	500	0.87	576
load	MimicObservationChartevents.ndjson	500	0.93	536
load	MimicObservationChartevents.ndjson	500	0.93	541
load	MimicObservationChartevents.ndjson	500	0.92	545
load	MimicObservationChartevents.ndjson	500	0.89	561
load	MimicObservationChartevents.ndjson	500	0.94	531
load	MimicObservationChartevents.ndjson	500	0.92	543
load	MimicObservationChartevents.ndjson	500	0.93	539
load	MimicObservationChartevents.ndjson	500	0.61	822
load	MimicObservationChartevents.ndjson	500	0.63	790
load	MimicObservationChartevents.ndjson	500	0.66	762
load	MimicObservationChartevents.ndjson	500	0.62	804
load	MimicObservationChartevents.ndjson	500	0.65	768
load	MimicObservationChartevents.ndjson	500	0.63	792
load	MimicObservationChartevents.ndjson	500	0.64	784
load	MimicObservationChartevents.ndjson	500	0.64	785
load	MimicObservationChartevents.ndjson	500	0.62	801
load	MimicObservationChartevents.ndjson	500	0.68	739
load	MimicObservationChartevents.ndjson	500	0.61	818
load	MimicObservationChartevents.ndjson	500	0.63	796
load	MimicObservationChartevents.ndjson	500	0.64	776
load	MimicObservationChartevents.ndjson	500	0.63	800
load	MimicObservationChartevents.ndjson	500	0.71	704
load	MimicObservationChartevents.ndjson	500	0.65	772
load	MimicObservationChartevents.ndjson	500	0.61	817
load	MimicObservationChartevents.ndjson	500	0.68	732
load	MimicObservationChartevents.ndjson	500	0.65	767
load	MimicObservationChartevents.ndjson	500	0.63	791
load	MimicObservationChartevents.ndjson	500	0.68	735
load	MimicObservationChartevents.ndjson	500	0.62	812
load	MimicObservationChartevents.ndjson	500	0.62	805
load	MimicObservationChartevents.ndjson	500	0.62	809
load	MimicObservationChartevents.ndjson	500	0.63	799
load	MimicObservationChartevents.ndjson	500	0.61	816
load	MimicObservationChartevents.ndjson	500	0.68	733
load	MimicObservationChartevents.ndjson	500	0.62	808
load	MimicObservationChartevents.ndjson	500	0.63	790
load	MimicObservationChartevents.ndjson	500	0.73	684
load	MimicObservationChartevents.ndjson	500	0.65	772
load	MimicObservationChartevents.ndjson	500	0.64	780
load	MimicObservationChartevents.ndjson	500	0.68	731
load	MimicObservationChartevents.ndjson	500	0.71	704
load	MimicObservationChartevents.ndjson	500	0.61	817
load	MimicObservationChartevents.ndjson	500	0.61	816
load	MimicObservationChartevents.ndjson	500	0.64	778
load	MimicObservationChartevents.ndjson	500	0.61	814
load	MimicObservationChartevents.ndjson	500	0.65	766
load	MimicObservationChartevents.ndjson	500	0.61	814
load	MimicObservationChartevents.ndjson	500	0.62	812
load	MimicObservationChartevents.ndjson	500	0.67	746
load	MimicObservationChartevents.ndjson	500	0.66	763
load	MimicObservationChartevents.ndjson	500	0.62	808
load	MimicObservationChartevents.ndjson	500	0.67	752
load	MimicObservationChartevents.ndjson	500	0.61	820
load	MimicObservationChartevents.ndjson	500	0.66	755
load	MimicObservationChartevents.ndjson	500	0.87	577
load	MimicObservationChartevents.ndjson	500	0.92	546
load	MimicObservationChartevents.ndjson	500	0.95	524
load	MimicObservationChartevents.ndjson	500	0.91	547
load	MimicObservationChartevents.ndjson	500	0.95	528
load	MimicObservationChartevents.ndjson	500	0.90	555
load	MimicObservationChartevents.ndjson	500	0.70	713
load	MimicObservationChartevents.ndjson	500	0.80	627
load	MimicObservationChartevents.ndjson	500	0.98	512
load	MimicObservationChartevents.ndjson	500	0.92	544
load	MimicObservationChartevents.ndjson	500	0.87	573
load	MimicObservationChartevents.ndjson	500	0.67	744
load	MimicObservationChartevents.ndjson	500	0.91	552
load	MimicObservationChartevents.ndjson	500	0.96	522
load	MimicObservationChartevents.ndjson	500	0.91	552
load	MimicObservationChartevents.ndjson	500	0.88	568
load	MimicObservationChartevents.ndjson	500	0.72	691
load	MimicObservationChartevents.ndjson	500	0.97	514
load	MimicObservationChartevents.ndjson	500	0.89	561
load	MimicObservationChartevents.ndjson	500	0.89	563
load	MimicObservationChartevents.ndjson	500	0.67	751
load	MimicObservationChartevents.ndjson	500	0.95	529
load	MimicObservationChartevents.ndjson	500	0.70	710
load	MimicObservationChartevents.ndjson	500	0.74	674
load	MimicObservationChartevents.ndjson	500	0.83	604
load	MimicObservationChartevents.ndjson	500	0.70	711
load	MimicObservationChartevents.ndjson	500	0.99	507
load	MimicObservationChartevents.ndjson	500	0.96	518
load	MimicObservationChartevents.ndjson	500	0.99	507
load	MimicObservationChartevents.ndjson	500	0.96	522
load	MimicObservationChartevents.ndjson	500	0.99	504
load	MimicObservationChartevents.ndjson	500	0.81	620
load	MimicObservationChartevents.ndjson	500	0.69	723
load	MimicObservationChartevents.ndjson	500	0.93	538
load	MimicObservationChartevents.ndjson	500	0.96	523
load	MimicObservationChartevents.ndjson	500	0.80	627
load	MimicObservationChartevents.ndjson	500	0.77	650
load	MimicObservationChartevents.ndjson	500	0.88	570
load	MimicObservationChartevents.ndjson	500	0.70	716
load	MimicObservationChartevents.ndjson	500	0.86	579
load	MimicObservationChartevents.ndjson	500	0.95	524
load	MimicObservationChartevents.ndjson	500	0.99	505
load	MimicObservationChartevents.ndjson	500	1.00	498
load	MimicObservationChartevents.ndjson	500	0.91	550
load	MimicObservationChartevents.ndjson	500	0.93	536
load	MimicObservationChartevents.ndjson	500	0.93	538
load	MimicObservationChartevents.ndjson	500	0.92	543
load	MimicObservationChartevents.ndjson	500	0.74	675
load	MimicObservationChartevents.ndjson	500	0.65	770
load	MimicObservationChartevents.ndjson	500	0.62	801
load	MimicObservationChartevents.ndjson	500	0.72	693
load	MimicObservationChartevents.ndjson	500	0.64	785
load	MimicObservationChartevents.ndjson	500	0.63	796
load	MimicObservationChartevents.ndjson	500	0.68	739
load	MimicObservationChartevents.ndjson	500	0.61	824
load	MimicObservationChartevents.ndjson	500	0.61	824
load	MimicObservationChartevents.ndjson	500	0.70	711
load	MimicObservationChartevents.ndjson	500	0.65	766
load	MimicObservationChartevents.ndjson	500	0.61	813
load	MimicObservationChartevents.ndjson	500	0.63	794
load	MimicObservationChartevents.ndjson	500	0.62	809
load	MimicObservationChartevents.ndjson	500	0.70	718
load	MimicObservationChartevents.ndjson	500	0.60	828
load	MimicObservationChartevents.ndjson	500	0.64	778
load	MimicObservationChartevents.ndjson	500	0.71	705
load	MimicObservationChartevents.ndjson	500	0.60	829
load	MimicObservationChartevents.ndjson	500	0.67	749
load	MimicObservationChartevents.ndjson	500	0.67	747
load	MimicObservationChartevents.ndjson	500	0.66	754
load	MimicObservationChartevents.ndjson	500	0.64	784
load	MimicObservationChartevents.ndjson	500	0.62	804
load	MimicObservationChartevents.ndjson	500	0.64	778
load	MimicObservationChartevents.ndjson	500	0.68	737
load	MimicObservationChartevents.ndjson	500	0.65	773
load	MimicObservationChartevents.ndjson	500	0.63	795
load	MimicObservationChartevents.ndjson	500	0.66	759
load	MimicObservationChartevents.ndjson	500	0.61	820
load	MimicObservationChartevents.ndjson	500	0.65	768
load	MimicObservationChartevents.ndjson	500	0.70	716
load	MimicObservationChartevents.ndjson	500	0.64	785
load	MimicObservationChartevents.ndjson	500	0.64	786
load	MimicObservationChartevents.ndjson	500	0.62	803
load	MimicObservationChartevents.ndjson	500	0.64	776
load	MimicObservationChartevents.ndjson	500	0.60	832
load	MimicObservationChartevents.ndjson	500	0.72	690
load	MimicObservationChartevents.ndjson	500	0.64	780
load	MimicObservationChartevents.ndjson	500	0.61	818
load	MimicObservationChartevents.ndjson	500	0.68	732
load	MimicObservationChartevents.ndjson	500	0.61	813
load	MimicObservationChartevents.ndjson	500	0.65	775
load	MimicObservationChartevents.ndjson	500	0.69	727
load	MimicObservationChartevents.ndjson	500	0.61	820
load	MimicObservationChartevents.ndjson	500	0.70	718
load	MimicObservationChartevents.ndjson	500	0.91	551
load	MimicObservationChartevents.ndjson	500	0.91	552
load	MimicObservationChartevents.ndjson	500	0.93	536
load	MimicObservationChartevents.ndjson	500	0.92	543
load	MimicObservationChartevents.ndjson	500	0.92	541
load	MimicObservationChartevents.ndjson	500	0.90	558
load	MimicObservationChartevents.ndjson	500	0.91	551
load	MimicObservationChartevents.ndjson	500	0.93	541
load	MimicObservationChartevents.ndjson	500	0.93	536
load	MimicObservationChartevents.ndjson	500	0.89	561
load	MimicObservationChartevents.ndjson	500	0.67	745
load	MimicObservationChartevents.ndjson	500	0.81	621
load	MimicObservationChartevents.ndjson	500	0.91	551
load	MimicObservationChartevents.ndjson	500	0.91	549
load	MimicObservationChartevents.ndjson	500	0.90	558
load	MimicObservationChartevents.ndjson	500	0.95	524
load	MimicObservationChartevents.ndjson	500	0.91	552
load	MimicObservationChartevents.ndjson	500	0.88	570
load	MimicObservationChartevents.ndjson	500	0.91	552
load	MimicObservationChartevents.ndjson	500	0.91	551
load	MimicObservationChartevents.ndjson	500	0.94	533
load	MimicObservationChartevents.ndjson	500	0.96	518
load	MimicObservationChartevents.ndjson	500	0.81	618
load	MimicObservationChartevents.ndjson	500	0.70	715
load	MimicObservationChartevents.ndjson	500	0.92	546
load	MimicObservationChartevents.ndjson	500	0.92	543
load	MimicObservationChartevents.ndjson	500	0.98	509
load	MimicObservationChartevents.ndjson	500	0.91	547
load	MimicObservationChartevents.ndjson	500	0.88	567
load	MimicObservationChartevents.ndjson	500	0.69	723
load	MimicObservationChartevents.ndjson	500	0.89	562
load	MimicObservationChartevents.ndjson	500	0.89	559
load	MimicObservationChartevents.ndjson	500	0.96	522
load	MimicObservationChartevents.ndjson	500	0.67	744
load	MimicObservationChartevents.ndjson	500	0.81	615
load	MimicObservationChartevents.ndjson	500	0.94	532
load	MimicObservationChartevents.ndjson	500	0.87	575
load	MimicObservationChartevents.ndjson	500	0.68	739
load	MimicObservationChartevents.ndjson	500	0.92	545
load	MimicObservationChartevents.ndjson	500	0.68	731
load	MimicObservationChartevents.ndjson	500	0.74	672
load	MimicObservationChartevents.ndjson	500	0.95	526
load	MimicObservationChartevents.ndjson	500	0.93	538
load	MimicObservationChartevents.ndjson	500	1.02	488
load	MimicObservationChartevents.ndjson	500	0.97	515
load	MimicObservationChartevents.ndjson	500	1.01	493
load	MimicObservationChartevents.ndjson	500	0.94	531
load	MimicObservationChartevents.ndjson	500	0.83	601
load	MimicObservationChartevents.ndjson	500	0.74	677
load	MimicObservationChartevents.ndjson	500	0.96	519
load	MimicObservationChartevents.ndjson	500	0.92	546
load	MimicObservationChartevents.ndjson	500	0.96	520
load	MimicObservationChartevents.ndjson	500	0.93	538
load	MimicObservationChartevents.ndjson	500	0.93	538
load	MimicObservationChartevents.ndjson	500	0.88	567
load	MimicObservationChartevents.ndjson	500	0.68	734
load	MimicObservationChartevents.ndjson	500	0.88	566
load	MimicObservationChartevents.ndjson	500	0.98	512
load	MimicObservationChartevents.ndjson	500	0.94	534
load	MimicObservationChartevents.ndjson	500	0.97	517
load	MimicObservationChartevents.ndjson	500	0.91	552
load	MimicObservationChartevents.ndjson	500	0.94	530
load	MimicObservationChartevents.ndjson	500	0.91	548
load	MimicObservationChartevents.ndjson	500	0.69	728
load	MimicObservationChartevents.ndjson	500	0.76	661
load	MimicObservationChartevents.ndjson	500	0.99	504
load	MimicObservationChartevents.ndjson	500	0.92	541
load	MimicObservationChartevents.ndjson	500	1.00	502
load	MimicObservationChartevents.ndjson	500	0.95	526
load	MimicObservationChartevents.ndjson	500	0.88	566
load	MimicObservationChartevents.ndjson	500	0.90	554
load	MimicObservationChartevents.ndjson	500	0.93	538
load	MimicObservationChartevents.ndjson	500	0.97	515
load	MimicObservationChartevents.ndjson	500	0.95	524
load	MimicObservationChartevents.ndjson	500	0.97	516
load	MimicObservationChartevents.ndjson	500	0.93	538
load	MimicObservationChartevents.ndjson	500	0.97	514
load	MimicObservationChartevents.ndjson	500	0.60	828
load	MimicObservationChartevents.ndjson	500	0.52	969
load	MimicObservationChartevents.ndjson	500	0.53	936
load	MimicObservationChartevents.ndjson	500	0.54	926
load	MimicObservationChartevents.ndjson	500	0.52	963
load	MimicObservationChartevents.ndjson	500	0.53	942
load	MimicObservationChartevents.ndjson	500	0.55	906
load	MimicObservationChartevents.ndjson	500	0.53	951
load	MimicObservationChartevents.ndjson	500	0.50	1000
load	MimicObservationChartevents.ndjson	500	0.57	870
load	MimicObservationChartevents.ndjson	500	0.55	917
load	MimicObservationChartevents.ndjson	500	0.55	907
load	MimicObservationChartevents.ndjson	500	0.54	931
load	MimicObservationChartevents.ndjson	500	0.52	960
load	MimicObservationChartevents.ndjson	500	0.56	896
load	MimicObservationChartevents.ndjson	500	0.54	935
load	MimicObservationChartevents.ndjson	500	0.55	917
load	MimicObservationChartevents.ndjson	500	0.52	965
load	MimicObservationChartevents.ndjson	500	0.52	958
load	MimicObservationChartevents.ndjson	500	0.53	945
load	MimicObservationChartevents.ndjson	500	0.50	1000
load	MimicObservationChartevents.ndjson	500	0.56	894
load	MimicObservationChartevents.ndjson	500	0.52	967
load	MimicObservationChartevents.ndjson	500	0.54	933
load	MimicObservationChartevents.ndjson	500	0.53	949
load	MimicObservationChartevents.ndjson	500	0.59	853
load	MimicObservationChartevents.ndjson	500	0.61	825
load	MimicObservationChartevents.ndjson	500	0.70	714
load	MimicObservationChartevents.ndjson	500	0.70	717
load	MimicObservationChartevents.ndjson	500	0.67	752
load	MimicObservationChartevents.ndjson	500	0.62	806
load	MimicObservationChartevents.ndjson	500	0.64	782
load	MimicObservationChartevents.ndjson	500	0.69	726
load	MimicObservationChartevents.ndjson	500	0.64	784
load	MimicObservationChartevents.ndjson	500	0.62	801
load	MimicObservationChartevents.ndjson	500	0.70	710
load	MimicObservationChartevents.ndjson	500	0.65	765
load	MimicObservationChartevents.ndjson	500	0.63	797
load	MimicObservationChartevents.ndjson	500	0.63	799
load	MimicObservationChartevents.ndjson	500	0.68	734
load	MimicObservationChartevents.ndjson	500	0.73	689
load	MimicObservationChartevents.ndjson	500	0.64	784
load	MimicObservationChartevents.ndjson	500	0.63	795
load	MimicObservationChartevents.ndjson	500	0.74	672
load	MimicObservationChartevents.ndjson	500	0.68	737
load	MimicObservationChartevents.ndjson	500	0.66	753
load	MimicObservationChartevents.ndjson	500	0.78	639
load	MimicObservationChartevents.ndjson	500	0.68	737
load	MimicObservationChartevents.ndjson	500	0.72	698
load	MimicObservationChartevents.ndjson	500	0.66	763
load	MimicObservationChartevents.ndjson	500	0.71	704
load	MimicObservationChartevents.ndjson	500	0.72	698
load	MimicObservationChartevents.ndjson	500	0.71	707
load	MimicObservationChartevents.ndjson	500	0.65	765
load	MimicObservationChartevents.ndjson	500	0.72	693
load	MimicObservationChartevents.ndjson	500	0.68	741
load	MimicObservationChartevents.ndjson	500	0.69	725
load	MimicObservationChartevents.ndjson	500	0.67	742
load	MimicObservationChartevents.ndjson	500	0.65	775
load	MimicObservationChartevents.ndjson	500	0.68	733
load	MimicObservationChartevents.ndjson	500	0.71	708
load	MimicObservationChartevents.ndjson	500	0.63	799
load	MimicObservationChartevents.ndjson	500	0.68	734
load	MimicObservationChartevents.ndjson	500	0.72	697
load	MimicObservationChartevents.ndjson	500	0.66	753
load	MimicObservationChartevents.ndjson	500	0.64	779
load	MimicObservationChartevents.ndjson	500	0.73	687
load	MimicObservationChartevents.ndjson	500	0.66	755
load	MimicObservationChartevents.ndjson	500	0.65	767
load	MimicObservationChartevents.ndjson	500	0.74	676
load	MimicObservationChartevents.ndjson	500	0.68	741
load	MimicObservationChartevents.ndjson	500	0.71	699
load	MimicObservationChartevents.ndjson	500	0.98	511
load	MimicObservationChartevents.ndjson	500	0.91	550
load	MimicObservationChartevents.ndjson	500	0.94	531
load	MimicObservationChartevents.ndjson	500	1.02	491
load	MimicObservationChartevents.ndjson	500	1.00	499
load	MimicObservationChartevents.ndjson	500	0.71	707
load	MimicObservationChartevents.ndjson	500	0.82	611
load	MimicObservationChartevents.ndjson	500	0.95	525
load	MimicObservationChartevents.ndjson	500	0.98	509
load	MimicObservationChartevents.ndjson	500	0.94	531
load	MimicObservationChartevents.ndjson	500	0.93	535
load	MimicObservationChartevents.ndjson	500	0.93	539
load	MimicObservationChartevents.ndjson	500	0.70	710
load	MimicObservationChartevents.ndjson	500	0.97	516
load	MimicObservationChartevents.ndjson	500	0.96	520
load	MimicObservationChartevents.ndjson	500	0.94	531
load	MimicObservationChartevents.ndjson	500	1.00	498
load	MimicObservationChartevents.ndjson	500	0.97	513
load	MimicObservationChartevents.ndjson	500	0.93	539
load	MimicObservationChartevents.ndjson	500	0.67	744
load	MimicObservationChartevents.ndjson	500	0.92	545
load	MimicObservationChartevents.ndjson	500	0.95	527
load	MimicObservationChartevents.ndjson	500	0.93	540
load	MimicObservationChartevents.ndjson	500	0.88	568
load	MimicObservationChartevents.ndjson	500	0.82	608
load	MimicObservationChartevents.ndjson	500	1.40	358
load	MimicObservationChartevents.ndjson	500	1.69	296
load	MimicObservationChartevents.ndjson	500	1.39	359
load	MimicObservationChartevents.ndjson	500	1.28	389
load	MimicObservationChartevents.ndjson	500	1.13	441
load	MimicObservationChartevents.ndjson	500	0.93	538
load	MimicObservationChartevents.ndjson	500	0.99	507
load	MimicObservationChartevents.ndjson	500	1.04	483
load	MimicObservationChartevents.ndjson	500	1.14	441
load	MimicObservationChartevents.ndjson	500	1.04	483
load	MimicObservationChartevents.ndjson	500	1.19	419
load	MimicObservationChartevents.ndjson	500	1.02	489
load	MimicObservationChartevents.ndjson	500	0.97	513
load	MimicObservationChartevents.ndjson	500	1.03	484
load	MimicObservationChartevents.ndjson	500	0.96	518
load	MimicObservationChartevents.ndjson	500	0.96	519
load	MimicObservationChartevents.ndjson	500	0.73	683
load	MimicObservationChartevents.ndjson	500	0.74	678
load	MimicObservationChartevents.ndjson	500	0.89	562
load	MimicObservationChartevents.ndjson	500	0.68	736
load	MimicObservationChartevents.ndjson	500	0.93	538
load	MimicObservationChartevents.ndjson	500	0.89	564
load	MimicObservationChartevents.ndjson	500	0.75	667
load	MimicObservationChartevents.ndjson	500	0.95	527
load	MimicObservationChartevents.ndjson	500	0.97	517
load	MimicObservationChartevents.ndjson	500	1.00	501
load	MimicObservationChartevents.ndjson	500	1.02	492
load	MimicObservationChartevents.ndjson	500	0.97	515
load	MimicObservationChartevents.ndjson	500	0.99	505
load	MimicObservationChartevents.ndjson	500	0.68	733
load	MimicObservationChartevents.ndjson	500	0.72	697
load	MimicObservationChartevents.ndjson	500	0.63	797
load	MimicObservationChartevents.ndjson	500	0.70	710
load	MimicObservationChartevents.ndjson	500	0.66	760
load	MimicObservationChartevents.ndjson	500	0.64	784
load	MimicObservationChartevents.ndjson	500	0.70	714
load	MimicObservationChartevents.ndjson	500	0.65	772
load	MimicObservationChartevents.ndjson	500	0.67	742
load	MimicObservationChartevents.ndjson	500	0.66	754
load	MimicObservationChartevents.ndjson	500	0.63	792
load	MimicObservationChartevents.ndjson	500	0.65	768
load	MimicObservationChartevents.ndjson	500	0.68	736
load	MimicObservationChartevents.ndjson	500	0.64	779
load	MimicObservationChartevents.ndjson	500	0.68	732
load	MimicObservationChartevents.ndjson	500	0.66	762
load	MimicObservationChartevents.ndjson	500	0.61	814
load	MimicObservationChartevents.ndjson	500	0.69	723
load	MimicObservationChartevents.ndjson	500	0.66	763
load	MimicObservationChartevents.ndjson	500	0.64	785
load	MimicObservationChartevents.ndjson	500	0.71	706
load	MimicObservationChartevents.ndjson	500	0.64	781
load	MimicObservationChartevents.ndjson	500	0.67	751
load	MimicObservationChartevents.ndjson	500	0.65	773
load	MimicObservationChartevents.ndjson	500	0.68	737
load	MimicObservationChartevents.ndjson	500	0.74	679
load	MimicObservationChartevents.ndjson	500	0.64	779
load	MimicObservationChartevents.ndjson	500	0.66	753
load	MimicObservationChartevents.ndjson	500	0.74	678
load	MimicObservationChartevents.ndjson	500	0.63	791
load	MimicObservationChartevents.ndjson	500	0.66	760
load	MimicObservationChartevents.ndjson	500	0.74	676
load	MimicObservationChartevents.ndjson	500	0.61	814
load	MimicObservationChartevents.ndjson	500	0.65	765
load	MimicObservationChartevents.ndjson	500	0.92	542
load	MimicObservationChartevents.ndjson	500	0.93	538
load	MimicObservationChartevents.ndjson	500	0.94	531
load	MimicObservationChartevents.ndjson	500	0.97	513
load	MimicObservationChartevents.ndjson	500	0.98	509
load	MimicObservationChartevents.ndjson	500	0.72	693
load	MimicObservationChartevents.ndjson	500	0.81	620
load	MimicObservationChartevents.ndjson	500	0.95	525
load	MimicObservationChartevents.ndjson	500	0.97	515
load	MimicObservationChartevents.ndjson	500	0.92	544
load	MimicObservationChartevents.ndjson	500	0.98	511
load	MimicObservationChartevents.ndjson	500	0.84	598
load	MimicObservationChartevents.ndjson	500	0.71	704
load	MimicObservationChartevents.ndjson	500	0.90	557
load	MimicObservationChartevents.ndjson	500	0.91	549
load	MimicObservationChartevents.ndjson	500	0.72	693
load	MimicObservationChartevents.ndjson	500	0.88	571
load	MimicObservationChartevents.ndjson	500	0.95	526
load	MimicObservationChartevents.ndjson	500	0.94	529
load	MimicObservationChartevents.ndjson	500	0.90	556
load	MimicObservationChartevents.ndjson	500	0.70	716
load	MimicObservationChartevents.ndjson	500	0.79	631
load	MimicObservationChartevents.ndjson	500	0.90	556
load	MimicObservationChartevents.ndjson	500	0.93	535
load	MimicObservationChartevents.ndjson	500	0.90	554
load	MimicObservationChartevents.ndjson	500	0.67	747
load	MimicObservationChartevents.ndjson	500	0.92	542
load	MimicObservationChartevents.ndjson	500	0.65	769
load	MimicObservationChartevents.ndjson	500	0.76	661
load	MimicObservationChartevents.ndjson	500	0.94	532
load	MimicObservationChartevents.ndjson	500	0.98	511
load	MimicObservationChartevents.ndjson	500	0.91	552
load	MimicObservationChartevents.ndjson	500	0.68	739
load	MimicObservationChartevents.ndjson	500	0.91	548
load	MimicObservationChartevents.ndjson	500	0.80	628
load	MimicObservationChartevents.ndjson	500	0.75	669
load	MimicObservationChartevents.ndjson	500	0.85	590
load	MimicObservationChartevents.ndjson	500	0.76	656
load	MimicObservationChartevents.ndjson	500	0.95	525
load	MimicObservationChartevents.ndjson	500	0.97	518
load	MimicObservationChartevents.ndjson	500	0.93	538
load	MimicObservationChartevents.ndjson	500	0.91	550
load	MimicObservationChartevents.ndjson	500	0.90	557
load	MimicObservationChartevents.ndjson	500	0.62	801
load	MimicObservationChartevents.ndjson	500	0.66	761
load	MimicObservationChartevents.ndjson	500	0.65	774
load	MimicObservationChartevents.ndjson	500	0.67	751
load	MimicObservationChartevents.ndjson	500	0.67	751
load	MimicObservationChartevents.ndjson	500	0.66	753
load	MimicObservationChartevents.ndjson	500	0.67	750
load	MimicObservationChartevents.ndjson	500	0.69	726
load	MimicObservationChartevents.ndjson	500	0.69	719
load	MimicObservationChartevents.ndjson	500	0.65	775
load	MimicObservationChartevents.ndjson	500	0.63	789
load	MimicObservationChartevents.ndjson	500	0.64	776
load	MimicObservationChartevents.ndjson	500	0.62	804
load	MimicObservationChartevents.ndjson	500	0.64	781
load	MimicObservationChartevents.ndjson	500	0.70	716
load	MimicObservationChartevents.ndjson	500	0.65	767
load	MimicObservationChartevents.ndjson	500	0.63	799
load	MimicObservationChartevents.ndjson	500	0.71	703
load	MimicObservationChartevents.ndjson	500	0.65	774
load	MimicObservationChartevents.ndjson	500	0.64	779
load	MimicObservationChartevents.ndjson	500	0.73	682
load	MimicObservationChartevents.ndjson	500	0.64	785
load	MimicObservationChartevents.ndjson	500	0.65	769
load	MimicObservationChartevents.ndjson	500	0.62	803
load	MimicObservationChartevents.ndjson	500	0.66	753
load	MimicObservationChartevents.ndjson	500	0.67	749
load	MimicObservationChartevents.ndjson	500	0.65	765
load	MimicObservationChartevents.ndjson	500	0.63	796
load	MimicObservationChartevents.ndjson	500	0.67	752
load	MimicObservationChartevents.ndjson	500	0.63	800
load	MimicObservationChartevents.ndjson	500	0.66	756
load	MimicObservationChartevents.ndjson	500	0.71	707
load	MimicObservationChartevents.ndjson	500	0.66	755
load	MimicObservationChartevents.ndjson	500	0.65	772
load	MimicObservationChartevents.ndjson	500	0.63	799
load	MimicObservationChartevents.ndjson	500	0.62	803
load	MimicObservationChartevents.ndjson	500	0.65	766
load	MimicObservationChartevents.ndjson	500	0.77	649
load	MimicObservationChartevents.ndjson	500	0.66	754
load	MimicObservationChartevents.ndjson	500	0.66	759
load	MimicObservationChartevents.ndjson	500	0.73	680
load	MimicObservationChartevents.ndjson	500	0.63	791
load	MimicObservationChartevents.ndjson	500	0.70	717
load	MimicObservationChartevents.ndjson	500	0.64	781
load	MimicObservationChartevents.ndjson	500	0.69	730
load	MimicObservationChartevents.ndjson	500	0.74	678
load	MimicObservationChartevents.ndjson	500	0.92	545
load	MimicObservationChartevents.ndjson	500	0.92	542
load	MimicObservationChartevents.ndjson	500	0.92	545
load	MimicObservationChartevents.ndjson	500	0.90	554
load	MimicObservationChartevents.ndjson	500	0.80	626
load	MimicObservationChartevents.ndjson	500	0.70	710
load	MimicObservationChartevents.ndjson	500	0.96	518
load	MimicObservationChartevents.ndjson	500	1.04	481
load	MimicObservationChartevents.ndjson	500	0.91	552
load	MimicObservationChartevents.ndjson	500	0.93	536
load	MimicObservationChartevents.ndjson	500	0.85	589
load	MimicObservationChartevents.ndjson	500	0.71	700
load	MimicObservationChartevents.ndjson	500	0.93	538
load	MimicObservationChartevents.ndjson	500	0.92	545
load	MimicObservationChartevents.ndjson	500	0.97	516
load	MimicObservationChartevents.ndjson	500	0.93	536
load	MimicObservationChartevents.ndjson	500	0.93	536
load	MimicObservationChartevents.ndjson	500	0.69	722
load	MimicObservationChartevents.ndjson	500	0.94	535
load	MimicObservationChartevents.ndjson	500	0.93	540
load	MimicObservationChartevents.ndjson	500	0.86	584
load	MimicObservationChartevents.ndjson	500	0.77	654
load	MimicObservationChartevents.ndjson	500	0.90	554
load	MimicObservationChartevents.ndjson	500	0.88	568
load	MimicObservationChartevents.ndjson	500	0.69	724
load	MimicObservationChartevents.ndjson	500	0.90	555
load	MimicObservationChartevents.ndjson	500	0.67	745
load	MimicObservationChartevents.ndjson	500	0.82	606
load	MimicObservationChartevents.ndjson	500	0.91	548
load	MimicObservationChartevents.ndjson	500	0.74	676
load	MimicObservationChartevents.ndjson	500	0.76	659
load	MimicObservationChartevents.ndjson	500	0.81	621
load	MimicObservationChartevents.ndjson	500	0.71	706
load	MimicObservationChartevents.ndjson	500	0.94	529
load	MimicObservationChartevents.ndjson	500	0.95	527
load	MimicObservationChartevents.ndjson	500	0.97	515
load	MimicObservationChartevents.ndjson	500	0.93	539
load	MimicObservationChartevents.ndjson	500	0.90	554
load	MimicObservationChartevents.ndjson	500	0.65	767
load	MimicObservationChartevents.ndjson	500	0.88	566
load	MimicObservationChartevents.ndjson	500	0.97	514
load	MimicObservationChartevents.ndjson	500	0.91	549
load	MimicObservationChartevents.ndjson	500	0.90	554
load	MimicObservationChartevents.ndjson	500	0.94	531
load	MimicObservationChartevents.ndjson	500	0.67	743
load	MimicObservationChartevents.ndjson	500	0.65	773
load	MimicObservationChartevents.ndjson	500	0.64	787
load	MimicObservationChartevents.ndjson	500	0.68	736
load	MimicObservationChartevents.ndjson	500	0.65	769
load	MimicObservationChartevents.ndjson	500	0.67	752
load	MimicObservationChartevents.ndjson	500	0.67	744
load	MimicObservationChartevents.ndjson	500	0.67	742
load	MimicObservationChartevents.ndjson	500	0.69	726
load	MimicObservationChartevents.ndjson	500	0.75	668
load	MimicObservationChartevents.ndjson	500	0.69	728
load	MimicObservationChartevents.ndjson	500	0.67	743
load	MimicObservationChartevents.ndjson	500	0.68	734
load	MimicObservationChartevents.ndjson	500	0.72	692
load	MimicObservationChartevents.ndjson	500	0.74	671
load	MimicObservationChartevents.ndjson	500	0.70	715
load	MimicObservationChartevents.ndjson	500	0.73	686
load	MimicObservationChartevents.ndjson	500	0.79	635
load	MimicObservationChartevents.ndjson	500	0.70	714
load	MimicObservationChartevents.ndjson	500	0.66	754
load	MimicObservationChartevents.ndjson	500	0.77	652
load	MimicObservationChartevents.ndjson	500	0.66	756
load	MimicObservationChartevents.ndjson	500	0.67	745
load	MimicObservationChartevents.ndjson	500	0.63	794
load	MimicObservationChartevents.ndjson	500	0.70	714
load	MimicObservationChartevents.ndjson	500	0.67	749
load	MimicObservationChartevents.ndjson	500	0.74	672
load	MimicObservationChartevents.ndjson	500	0.67	752
load	MimicObservationChartevents.ndjson	500	0.67	752
load	MimicObservationChartevents.ndjson	500	0.78	643
load	MimicObservationChartevents.ndjson	500	0.72	691
load	MimicObservationChartevents.ndjson	500	0.77	653
load	MimicObservationChartevents.ndjson	500	0.71	700
load	MimicObservationChartevents.ndjson	500	0.69	724
load	MimicObservationChartevents.ndjson	500	0.67	752
load	MimicObservationChartevents.ndjson	500	0.72	691
load	MimicObservationChartevents.ndjson	500	0.75	668
load	MimicObservationChartevents.ndjson	500	0.72	698
load	MimicObservationChartevents.ndjson	500	0.69	722
load	MimicObservationChartevents.ndjson	500	0.67	751
load	MimicObservationChartevents.ndjson	500	0.76	655
load	MimicObservationChartevents.ndjson	500	0.66	761
load	MimicObservationChartevents.ndjson	500	0.70	714
load	MimicObservationChartevents.ndjson	500	0.74	675
load	MimicObservationChartevents.ndjson	500	0.71	702
load	MimicObservationChartevents.ndjson	500	0.78	638
load	MimicObservationChartevents.ndjson	500	0.70	712
load	MimicObservationChartevents.ndjson	500	0.69	728
load	MimicObservationChartevents.ndjson	500	0.67	749
load	MimicObservationChartevents.ndjson	500	0.73	684
load	MimicObservationChartevents.ndjson	500	0.73	689
load	MimicObservationChartevents.ndjson	500	0.72	698
load	MimicObservationChartevents.ndjson	500	0.72	696
load	MimicObservationChartevents.ndjson	500	0.77	651
load	MimicObservationChartevents.ndjson	500	0.71	708
load	MimicObservationChartevents.ndjson	500	0.71	703
load	MimicObservationChartevents.ndjson	500	0.65	773
load	MimicObservationChartevents.ndjson	500	0.77	649
load	MimicObservationChartevents.ndjson	500	0.98	510
load	MimicObservationChartevents.ndjson	500	0.94	531
load	MimicObservationChartevents.ndjson	500	0.97	517
load	MimicObservationChartevents.ndjson	500	0.91	548
load	MimicObservationChartevents.ndjson	500	0.77	649
load	MimicObservationChartevents.ndjson	500	0.75	669
load	MimicObservationChartevents.ndjson	500	0.96	518
load	MimicObservationChartevents.ndjson	500	0.91	551
load	MimicObservationChartevents.ndjson	500	0.95	526
load	MimicObservationChartevents.ndjson	500	0.94	530
load	MimicObservationChartevents.ndjson	500	0.71	704
load	MimicObservationChartevents.ndjson	500	0.76	658
load	MimicObservationChartevents.ndjson	500	0.93	539
load	MimicObservationChartevents.ndjson	500	0.94	532
load	MimicObservationChartevents.ndjson	500	0.97	515
load	MimicObservationChartevents.ndjson	500	0.84	595
load	MimicObservationChartevents.ndjson	500	0.69	720
load	MimicObservationChartevents.ndjson	500	0.99	503
load	MimicObservationChartevents.ndjson	500	0.93	539
load	MimicObservationChartevents.ndjson	500	0.98	511
load	MimicObservationChartevents.ndjson	500	0.70	716
load	MimicObservationChartevents.ndjson	500	0.79	634
load	MimicObservationChartevents.ndjson	500	0.94	533
load	MimicObservationChartevents.ndjson	500	0.93	537
load	MimicObservationChartevents.ndjson	500	0.96	522
load	MimicObservationChartevents.ndjson	500	0.70	716
load	MimicObservationChartevents.ndjson	500	0.86	579
load	MimicObservationChartevents.ndjson	500	0.75	668
load	MimicObservationChartevents.ndjson	500	0.76	661
load	MimicObservationChartevents.ndjson	500	0.92	542
load	MimicObservationChartevents.ndjson	500	0.94	532
load	MimicObservationChartevents.ndjson	500	0.93	538
load	MimicObservationChartevents.ndjson	500	0.69	725
load	MimicObservationChartevents.ndjson	500	0.82	608
load	MimicObservationChartevents.ndjson	500	0.95	525
load	MimicObservationChartevents.ndjson	500	0.96	518
load	MimicObservationChartevents.ndjson	500	0.84	595
load	MimicObservationChartevents.ndjson	500	0.74	673
load	MimicObservationChartevents.ndjson	500	0.89	560
load	MimicObservationChartevents.ndjson	500	0.70	711
load	MimicObservationChartevents.ndjson	500	0.91	551
load	MimicObservationChartevents.ndjson	500	0.94	530
load	MimicObservationChartevents.ndjson	500	0.93	538
load	MimicObservationChartevents.ndjson	500	0.92	542
load	MimicObservationChartevents.ndjson	500	0.95	524
load	MimicObservationChartevents.ndjson	500	1.00	500
load	MimicObservationChartevents.ndjson	500	0.64	779
load	MimicObservationChartevents.ndjson	500	0.66	756
load	MimicObservationChartevents.ndjson	500	0.61	820
load	MimicObservationChartevents.ndjson	500	0.69	720
load	MimicObservationChartevents.ndjson	500	0.64	776
load	MimicObservationChartevents.ndjson	500	0.67	745
load	MimicObservationChartevents.ndjson	500	0.68	741
load	MimicObservationChartevents.ndjson	500	0.66	758
load	MimicObservationChartevents.ndjson	500	0.72	692
load	MimicObservationChartevents.ndjson	500	0.68	736
load	MimicObservationChartevents.ndjson	500	0.65	773
load	MimicObservationChartevents.ndjson	500	0.68	733
load	MimicObservationChartevents.ndjson	500	0.68	740
load	MimicObservationChartevents.ndjson	500	0.66	755
load	MimicObservationChartevents.ndjson	500	0.74	677
load	MimicObservationChartevents.ndjson	500	0.63	796
load	MimicObservationChartevents.ndjson	500	0.63	799
load	MimicObservationChartevents.ndjson	500	0.70	718
load	MimicObservationChartevents.ndjson	500	0.66	753
load	MimicObservationChartevents.ndjson	500	0.64	781
load	MimicObservationChartevents.ndjson	500	0.70	715
load	MimicObservationChartevents.ndjson	500	0.64	780
load	MimicObservationChartevents.ndjson	500	0.63	797
load	MimicObservationChartevents.ndjson	500	0.68	732
load	MimicObservationChartevents.ndjson	500	0.66	756
load	MimicObservationChartevents.ndjson	500	0.69	719
load	MimicObservationChartevents.ndjson	500	0.67	752
load	MimicObservationChartevents.ndjson	500	0.68	736
load	MimicObservationChartevents.ndjson	500	0.73	682
load	MimicObservationChartevents.ndjson	500	0.66	762
load	MimicObservationChartevents.ndjson	500	0.67	750
load	MimicObservationChartevents.ndjson	500	0.71	707
load	MimicObservationChartevents.ndjson	500	0.63	800
load	MimicObservationChartevents.ndjson	500	0.63	794
load	MimicObservationChartevents.ndjson	500	0.67	742
load	MimicObservationChartevents.ndjson	500	0.69	720
load	MimicObservationChartevents.ndjson	500	0.67	743
load	MimicObservationChartevents.ndjson	500	0.63	792
load	MimicObservationChartevents.ndjson	500	0.66	754
load	MimicObservationChartevents.ndjson	500	0.78	643
load	MimicObservationChartevents.ndjson	500	0.69	719
load	MimicObservationChartevents.ndjson	500	0.72	690
load	MimicObservationChartevents.ndjson	500	0.79	633
load	MimicObservationChartevents.ndjson	500	0.71	704
load	MimicObservationChartevents.ndjson	500	0.71	708
load	MimicObservationChartevents.ndjson	500	0.71	705
load	MimicObservationChartevents.ndjson	500	0.79	635
load	MimicObservationChartevents.ndjson	500	0.94	532
load	MimicObservationChartevents.ndjson	500	0.99	507
load	MimicObservationChartevents.ndjson	500	0.98	508
load	MimicObservationChartevents.ndjson	500	0.94	534
load	MimicObservationChartevents.ndjson	500	0.92	543
load	MimicObservationChartevents.ndjson	500	1.01	495
load	MimicObservationChartevents.ndjson	500	1.34	372
load	MimicObservationChartevents.ndjson	500	1.30	383
load	MimicObservationChartevents.ndjson	500	1.27	393
load	MimicObservationChartevents.ndjson	362	0.98	371
file	MimicObservationChartevents.ndjson	668862	1101.99	607
total-load	all files	928935	1480.17	628
count-refresh	13 types	928935	0.23	4021364
search	Observation?status=final (page of 20)	20	0.03	667
db-size-mb				5922.7
